Store,DayOfWeek,Date,Revenue_EGP,Orders_Delivered,Is_Open,Is_White_Friday,StateHoliday,SchoolHoliday,Year,Month,Day,WeekOfYear,Is_Weekend,Is_Thursday,Ramadan_Phase,Is_Ramadan,Is_Eid_Fitr,Is_Eid_Adha,Is_Coptic_Christmas,Is_Payday_Early,Is_Payday_Late,Is_Payday,Is_Summer,Is_Winter,Is_School_Season
1,2,2026-01-14,42104,555,1,1,0,1,2026,1,14,3,0,0,0,0,0,0,0,0,0,0,0,1,0
1,1,2026-01-13,40160,546,1,1,0,1,2026,1,13,3,0,0,0,0,0,0,0,0,0,0,0,1,0
1,0,2026-01-12,38256,523,1,1,0,1,2026,1,12,3,0,0,0,0,0,0,0,0,0,0,0,1,0
1,6,2026-01-11,40088,560,1,1,0,1,2026,1,11,2,0,0,0,0,0,0,0,0,0,0,0,1,0
1,5,2026-01-10,48816,612,1,1,0,1,2026,1,10,2,1,0,0,0,0,0,0,0,0,0,0,1,0
1,3,2026-01-08,34912,500,1,0,0,0,2026,1,8,2,0,1,0,0,0,0,0,0,0,0,0,1,0
1,2,2026-01-07,29648,459,1,0,0,0,2026,1,7,2,0,0,0,0,0,0,1,0,0,0,0,1,0
1,1,2026-01-06,30152,503,1,0,0,0,2026,1,6,2,0,0,0,0,0,0,0,0,0,0,0,1,0
1,0,2026-01-05,27712,463,1,0,0,0,2026,1,5,2,0,0,0,0,0,0,0,1,0,1,0,1,0
1,6,2026-01-04,28464,469,1,0,0,0,2026,1,4,1,0,0,0,0,0,0,0,1,0,1,0,1,0
1,5,2026-01-03,35160,526,1,0,0,0,2026,1,3,1,1,0,0,0,0,0,0,1,0,1,0,1,0
1,3,2026-01-01,35248,512,1,0,0,0,2026,1,1,1,0,1,0,0,0,0,0,1,0,1,0,1,0
1,2,2025-12-31,38816,519,1,1,0,0,2025,12,31,1,0,0,0,0,0,0,0,0,1,1,0,1,0
1,1,2025-12-30,35416,517,1,1,0,0,2025,12,30,1,0,0,0,0,0,0,0,0,1,1,0,1,0
1,0,2025-12-29,38136,550,1,1,0,0,2025,12,29,1,0,0,0,0,0,0,0,0,1,1,0,1,0
1,6,2025-12-28,40336,544,1,1,0,0,2025,12,28,52,0,0,0,0,0,0,0,0,1,1,0,1,0
1,5,2025-12-27,40432,553,1,1,0,0,2025,12,27,52,1,0,0,0,0,0,0,0,1,1,0,1,0
1,3,2025-12-25,28240,441,1,0,0,0,2025,12,25,52,0,1,0,0,0,0,0,0,1,1,0,1,0
1,2,2025-12-24,30464,449,1,0,0,0,2025,12,24,52,0,0,0,0,0,0,0,0,0,0,0,1,0
1,1,2025-12-23,31176,480,1,0,0,0,2025,12,23,52,0,0,0,0,0,0,0,0,0,0,0,1,0
1,0,2025-12-22,30376,485,1,0,0,0,2025,12,22,52,0,0,0,0,0,0,0,0,0,0,0,1,0
1,6,2025-12-21,29200,485,1,0,0,0,2025,12,21,51,0,0,0,0,0,0,0,0,0,0,0,1,0
1,5,2025-12-20,34872,540,1,0,0,0,2025,12,20,51,1,0,0,0,0,0,0,0,0,0,0,1,0
1,3,2025-12-18,38376,560,1,0,0,0,2025,12,18,51,0,1,0,0,0,0,0,0,0,0,0,1,0
1,2,2025-12-17,37320,538,1,1,0,0,2025,12,17,51,0,0,0,0,0,0,0,0,0,0,0,1,0
1,1,2025-12-16,44464,573,1,1,0,0,2025,12,16,51,0,0,0,0,0,0,0,0,0,0,0,1,0
1,0,2025-12-15,41784,562,1,1,0,0,2025,12,15,51,0,0,0,0,0,0,0,0,0,0,0,1,0
1,6,2025-12-14,45880,568,1,1,0,0,2025,12,14,50,0,0,0,0,0,0,0,0,0,0,0,1,0
1,5,2025-12-13,41576,541,1,1,0,0,2025,12,13,50,1,0,0,0,0,0,0,0,0,0,0,1,0
1,3,2025-12-11,32152,463,1,0,0,0,2025,12,11,50,0,1,0,0,0,0,0,0,0,0,0,1,0
1,2,2025-12-10,26536,420,1,0,0,0,2025,12,10,50,0,0,0,0,0,0,0,0,0,0,0,1,0
1,1,2025-12-09,28264,433,1,0,0,0,2025,12,9,50,0,0,0,0,0,0,0,0,0,0,0,1,0
1,0,2025-12-08,26768,414,1,0,0,0,2025,12,8,50,0,0,0,0,0,0,0,0,0,0,0,1,0
1,6,2025-12-07,30096,447,1,0,0,0,2025,12,7,49,0,0,0,0,0,0,0,0,0,0,0,1,0
1,5,2025-12-06,30768,489,1,0,0,0,2025,12,6,49,1,0,0,0,0,0,0,0,0,0,0,1,0
1,3,2025-12-04,32776,494,1,0,0,0,2025,12,4,49,0,1,0,0,0,0,0,1,0,1,0,1,0
1,2,2025-12-03,33616,487,1,1,0,0,2025,12,3,49,0,0,0,0,0,0,0,1,0,1,0,1,0
1,1,2025-12-02,37160,498,1,1,0,0,2025,12,2,49,0,0,0,0,0,0,0,1,0,1,0,1,0
1,0,2025-12-01,32000,476,1,1,0,0,2025,12,1,49,0,0,0,0,0,0,0,1,0,1,0,1,0
1,6,2025-11-30,38816,503,1,1,0,0,2025,11,30,48,0,0,0,0,0,0,0,0,1,1,0,0,0
1,5,2025-11-29,44144,586,1,1,0,0,2025,11,29,48,1,0,0,0,0,0,0,0,1,1,0,0,0
1,3,2025-11-27,34048,502,1,0,0,0,2025,11,27,48,0,1,0,0,0,0,0,0,1,1,0,0,0
1,2,2025-11-26,29560,422,1,0,0,0,2025,11,26,48,0,0,0,0,0,0,0,0,1,1,0,0,0
1,1,2025-11-25,29016,442,1,0,0,0,2025,11,25,48,0,0,0,0,0,0,0,0,1,1,0,0,0
1,0,2025-11-24,28728,453,1,0,0,0,2025,11,24,48,0,0,0,0,0,0,0,0,0,0,0,0,0
1,6,2025-11-23,32816,485,1,0,0,0,2025,11,23,47,0,0,0,0,0,0,0,0,0,0,0,0,0
1,5,2025-11-22,32568,502,1,0,0,0,2025,11,22,47,1,0,0,0,0,0,0,0,0,0,0,0,0
1,3,2025-11-20,33464,460,1,0,0,0,2025,11,20,47,0,1,0,0,0,0,0,0,0,0,0,0,0
1,2,2025-11-19,43072,609,1,1,0,0,2025,11,19,47,0,0,0,0,0,0,0,0,0,0,0,0,0
1,0,2025-11-17,46472,616,1,1,0,0,2025,11,17,47,0,0,0,0,0,0,0,0,0,0,0,0,0
1,6,2025-11-16,43600,590,1,1,0,0,2025,11,16,46,0,0,0,0,0,0,0,0,0,0,0,0,0
1,5,2025-11-15,46192,607,1,1,0,0,2025,11,15,46,1,0,0,0,0,0,0,0,0,0,0,0,0
1,3,2025-11-13,44736,580,1,0,0,0,2025,11,13,46,0,1,0,0,0,0,0,0,0,0,0,0,0
1,2,2025-11-12,37248,537,1,0,0,0,2025,11,12,46,0,0,0,0,0,0,0,0,0,0,0,0,0
1,1,2025-11-11,32888,474,1,0,0,0,2025,11,11,46,0,0,0,0,0,0,0,0,0,0,0,0,0
1,0,2025-11-10,32664,497,1,0,0,0,2025,11,10,46,0,0,0,0,0,0,0,0,0,0,0,0,0
1,6,2025-11-09,33688,479,1,0,0,0,2025,11,9,45,0,0,0,0,0,0,0,0,0,0,0,0,0
1,3,2025-11-06,34208,506,1,0,0,0,2025,11,6,45,0,1,0,0,0,0,0,0,0,0,0,0,0
1,2,2025-11-05,35672,495,1,1,0,0,2025,11,5,45,0,0,0,0,0,0,0,1,0,1,0,0,0
1,1,2025-11-04,30040,471,1,1,0,0,2025,11,4,45,0,0,0,0,0,0,0,1,0,1,0,0,0
1,0,2025-11-03,37880,533,1,1,0,0,2025,11,3,45,0,0,0,0,0,0,0,1,0,1,0,0,0
1,6,2025-11-02,41880,546,1,1,0,0,2025,11,2,44,0,0,0,0,0,0,0,1,0,1,0,0,0
1,5,2025-11-01,42240,577,1,1,0,0,2025,11,1,44,1,0,0,0,0,0,0,1,0,1,0,0,0
1,3,2025-10-30,35448,505,1,0,0,0,2025,10,30,44,0,1,0,0,0,0,0,0,1,1,0,0,0
1,2,2025-10-29,33424,523,1,0,0,0,2025,10,29,44,0,0,0,0,0,0,0,0,1,1,0,0,0
1,0,2025-10-27,31984,523,1,0,0,0,2025,10,27,44,0,0,0,0,0,0,0,0,1,1,0,0,0
1,6,2025-10-26,28376,438,1,0,0,0,2025,10,26,43,0,0,0,0,0,0,0,0,1,1,0,0,0
1,5,2025-10-25,28408,453,1,0,0,0,2025,10,25,43,1,0,0,0,0,0,0,0,1,1,0,0,0
1,3,2025-10-23,39560,596,1,0,0,0,2025,10,23,43,0,1,0,0,0,0,0,0,0,0,0,0,0
1,2,2025-10-22,37464,536,1,1,0,0,2025,10,22,43,0,0,0,0,0,0,0,0,0,0,0,0,0
1,1,2025-10-21,36232,491,1,1,0,0,2025,10,21,43,0,0,0,0,0,0,0,0,0,0,0,0,0
1,0,2025-10-20,39680,536,1,1,0,0,2025,10,20,43,0,0,0,0,0,0,0,0,0,0,0,0,0
1,6,2025-10-19,36512,514,1,1,0,0,2025,10,19,42,0,0,0,0,0,0,0,0,0,0,0,0,0
1,5,2025-10-18,44728,589,1,1,0,0,2025,10,18,42,1,0,0,0,0,0,0,0,0,0,0,0,0
1,3,2025-10-16,46800,653,1,0,0,0,2025,10,16,42,0,1,0,0,0,0,0,0,0,0,0,0,0
1,1,2025-10-14,49824,650,1,1,0,0,2025,10,14,42,0,0,0,0,0,0,0,0,0,0,0,0,0
1,0,2025-10-13,46200,579,1,1,0,0,2025,10,13,42,0,0,0,0,0,0,0,0,0,0,0,0,0
1,6,2025-10-12,41592,552,1,1,0,0,2025,10,12,41,0,0,0,0,0,0,0,0,0,0,0,0,0
1,5,2025-10-11,44600,574,1,1,0,0,2025,10,11,41,1,0,0,0,0,0,0,0,0,0,0,0,0
1,3,2025-10-09,34544,537,1,0,0,0,2025,10,9,41,0,1,0,0,0,0,0,0,0,0,0,0,0
1,2,2025-10-08,25584,437,1,0,0,0,2025,10,8,41,0,0,0,0,0,0,0,0,0,0,0,0,0
1,1,2025-10-07,24608,426,1,0,0,0,2025,10,7,41,0,0,0,0,0,0,0,0,0,0,0,0,0
1,0,2025-10-06,26552,411,1,0,0,0,2025,10,6,41,0,0,0,0,0,0,0,0,0,0,0,0,0
1,6,2025-10-05,24296,416,1,0,0,0,2025,10,5,40,0,0,0,0,0,0,0,1,0,1,0,0,0
1,5,2025-10-04,29776,480,1,0,0,0,2025,10,4,40,1,0,0,0,0,0,0,1,0,1,0,0,0
1,3,2025-10-02,36752,544,1,0,0,0,2025,10,2,40,0,1,0,0,0,0,0,1,0,1,0,0,0
1,2,2025-10-01,37744,511,1,1,0,0,2025,10,1,40,0,0,0,0,0,0,0,1,0,1,0,0,0
1,1,2025-09-30,32928,480,1,1,0,0,2025,9,30,40,0,0,0,0,0,0,0,0,1,1,0,0,0
1,0,2025-09-29,32880,501,1,1,0,0,2025,9,29,40,0,0,0,0,0,0,0,0,1,1,0,0,0
1,6,2025-09-28,37184,535,1,1,0,0,2025,9,28,39,0,0,0,0,0,0,0,0,1,1,0,0,0
1,5,2025-09-27,43016,574,1,1,0,0,2025,9,27,39,1,0,0,0,0,0,0,0,1,1,0,0,0
1,3,2025-09-25,33384,525,1,0,0,0,2025,9,25,39,0,1,0,0,0,0,0,0,1,1,0,0,0
1,2,2025-09-24,28392,428,1,0,0,1,2025,9,24,39,0,0,0,0,0,0,0,0,0,0,0,0,0
1,1,2025-09-23,27736,430,1,0,0,1,2025,9,23,39,0,0,0,0,0,0,0,0,0,0,0,0,0
1,0,2025-09-22,33552,500,1,0,0,1,2025,9,22,39,0,0,0,0,0,0,0,0,0,0,0,0,0
1,6,2025-09-21,33304,555,1,0,0,1,2025,9,21,38,0,0,0,0,0,0,0,0,0,0,0,0,0
1,3,2025-09-18,53672,796,1,0,0,1,2025,9,18,38,0,1,0,0,0,0,0,0,0,0,0,0,0
1,1,2025-09-16,52592,722,1,1,0,1,2025,9,16,38,0,0,0,0,0,0,0,0,0,0,0,0,0
1,0,2025-09-15,54528,707,1,1,0,1,2025,9,15,38,0,0,0,0,0,0,0,0,0,0,0,0,0
1,6,2025-09-14,49648,589,1,1,0,1,2025,9,14,37,0,0,0,0,0,0,0,0,0,0,0,0,0
1,5,2025-09-13,53712,697,1,1,0,1,2025,9,13,37,1,0,0,0,0,0,0,0,0,0,0,0,0
1,3,2025-09-11,41664,605,1,0,0,0,2025,9,11,37,0,1,0,0,0,0,0,0,0,0,0,0,0
1,2,2025-09-10,32040,529,1,0,0,0,2025,9,10,37,0,0,0,0,0,0,0,0,0,0,0,0,0
1,1,2025-09-09,31456,490,1,0,0,0,2025,9,9,37,0,0,0,0,0,0,0,0,0,0,0,0,0
1,0,2025-09-08,28248,447,1,0,0,0,2025,9,8,37,0,0,0,0,0,0,0,0,0,0,0,0,0
1,6,2025-09-07,28376,464,1,0,0,0,2025,9,7,36,0,0,0,0,0,0,0,0,0,0,0,0,0
1,5,2025-09-06,28520,495,1,0,0,0,2025,9,6,36,1,0,0,0,0,0,0,0,0,0,0,0,0
1,3,2025-09-04,31272,506,1,0,0,0,2025,9,4,36,0,1,0,0,0,0,0,1,0,1,0,0,0
1,2,2025-09-03,32456,472,1,1,0,0,2025,9,3,36,0,0,0,0,0,0,0,1,0,1,0,0,0
1,1,2025-09-02,37984,535,1,1,0,0,2025,9,2,36,0,0,0,0,0,0,0,1,0,1,0,0,0
1,0,2025-09-01,30864,504,1,1,0,0,2025,9,1,36,0,0,0,0,0,0,0,1,0,1,0,0,0
1,6,2025-08-31,38448,555,1,1,0,0,2025,8,31,35,0,0,0,0,0,0,0,0,1,1,1,0,0
1,5,2025-08-30,45560,605,1,1,0,0,2025,8,30,35,1,0,0,0,0,0,0,0,1,1,1,0,0
1,3,2025-08-28,41800,599,1,0,0,0,2025,8,28,35,0,1,0,0,0,0,0,0,1,1,1,0,0
1,2,2025-08-27,29800,493,1,0,0,0,2025,8,27,35,0,0,0,0,0,0,0,0,1,1,1,0,0
1,1,2025-08-26,25128,405,1,0,0,0,2025,8,26,35,0,0,0,0,0,0,0,0,1,1,1,0,0
1,0,2025-08-25,33360,521,1,0,0,0,2025,8,25,35,0,0,0,0,0,0,0,0,1,1,1,0,0
1,6,2025-08-24,30440,491,1,0,0,0,2025,8,24,34,0,0,0,0,0,0,0,0,0,0,1,0,0
1,5,2025-08-23,29608,485,1,0,0,0,2025,8,23,34,1,0,0,0,0,0,0,0,0,0,1,0,0
1,3,2025-08-21,36736,570,1,0,0,0,2025,8,21,34,0,1,0,0,0,0,0,0,0,0,1,0,0
1,2,2025-08-20,43176,579,1,1,0,0,2025,8,20,34,0,0,0,0,0,0,0,0,0,0,1,0,0
1,1,2025-08-19,35352,534,1,1,0,0,2025,8,19,34,0,0,0,0,0,0,0,0,0,0,1,0,0
1,0,2025-08-18,44544,597,1,1,0,0,2025,8,18,34,0,0,0,0,0,0,0,0,0,0,1,0,0
1,6,2025-08-17,43608,576,1,1,0,0,2025,8,17,33,0,0,0,0,0,0,0,0,0,0,1,0,0
1,5,2025-08-16,47536,669,1,1,0,0,2025,8,16,33,1,0,0,0,0,0,0,0,0,0,1,0,0
1,3,2025-08-14,42312,640,1,0,0,0,2025,8,14,33,0,1,0,0,0,0,0,0,0,0,1,0,0
1,2,2025-08-13,37664,542,1,0,0,0,2025,8,13,33,0,0,0,0,0,0,0,0,0,0,1,0,0
1,1,2025-08-12,32336,489,1,0,0,0,2025,8,12,33,0,0,0,0,0,0,0,0,0,0,1,0,0
1,0,2025-08-11,31000,512,1,0,0,0,2025,8,11,33,0,0,0,0,0,0,0,0,0,0,1,0,0
1,6,2025-08-10,32432,500,1,0,0,0,2025,8,10,32,0,0,0,0,0,0,0,0,0,0,1,0,0
1,5,2025-08-09,28784,454,1,0,0,0,2025,8,9,32,1,0,0,0,0,0,0,0,0,0,1,0,0
1,3,2025-08-07,35800,547,1,0,0,0,2025,8,7,32,0,1,0,0,0,0,0,0,0,0,1,0,0
1,2,2025-08-06,37208,548,1,1,0,0,2025,8,6,32,0,0,0,0,0,0,0,0,0,0,1,0,0
1,1,2025-08-05,35680,507,1,1,0,0,2025,8,5,32,0,0,0,0,0,0,0,1,0,1,1,0,0
1,0,2025-08-04,33440,509,1,1,0,0,2025,8,4,32,0,0,0,0,0,0,0,1,0,1,1,0,0
1,6,2025-08-03,38664,512,1,1,0,0,2025,8,3,31,0,0,0,0,0,0,0,1,0,1,1,0,0
1,5,2025-08-02,34424,478,1,1,0,0,2025,8,2,31,1,0,0,0,0,0,0,1,0,1,1,0,0
1,3,2025-07-31,40120,624,1,0,0,0,2025,7,31,31,0,1,0,0,0,0,0,0,1,1,1,0,0
1,2,2025-07-30,37808,630,1,0,0,0,2025,7,30,31,0,0,0,0,0,0,0,0,1,1,1,0,0
1,1,2025-07-29,31200,477,1,0,0,0,2025,7,29,31,0,0,0,0,0,0,0,0,1,1,1,0,0
1,0,2025-07-28,29880,501,1,0,0,0,2025,7,28,31,0,0,0,0,0,0,0,0,1,1,1,0,0
1,6,2025-07-27,25088,419,1,0,0,0,2025,7,27,30,0,0,0,0,0,0,0,0,1,1,1,0,0
1,5,2025-07-26,31720,501,1,0,0,0,2025,7,26,30,1,0,0,0,0,0,0,0,1,1,1,0,0
1,3,2025-07-24,37304,599,1,0,0,0,2025,7,24,30,0,1,0,0,0,0,0,0,0,0,1,0,0
1,2,2025-07-23,40176,604,1,1,0,0,2025,7,23,30,0,0,0,0,0,0,0,0,0,0,1,0,0
1,1,2025-07-22,35152,551,1,1,0,0,2025,7,22,30,0,0,0,0,0,0,0,0,0,0,1,0,0
1,0,2025-07-21,37376,544,1,1,0,0,2025,7,21,30,0,0,0,0,0,0,0,0,0,0,1,0,0
1,6,2025-07-20,39208,596,1,1,0,0,2025,7,20,29,0,0,0,0,0,0,0,0,0,0,1,0,0
1,5,2025-07-19,48304,669,1,1,0,0,2025,7,19,29,1,0,0,0,0,0,0,0,0,0,1,0,0
1,3,2025-07-17,42904,638,1,0,0,0,2025,7,17,29,0,1,0,0,0,0,0,0,0,0,1,0,0
1,2,2025-07-16,44616,616,1,1,0,0,2025,7,16,29,0,0,0,0,0,0,0,0,0,0,1,0,0
1,1,2025-07-15,41368,573,1,1,0,0,2025,7,15,29,0,0,0,0,0,0,0,0,0,0,1,0,0
1,0,2025-07-14,34480,537,1,1,0,0,2025,7,14,29,0,0,0,0,0,0,0,0,0,0,1,0,0
1,6,2025-07-13,38448,532,1,1,0,0,2025,7,13,28,0,0,0,0,0,0,0,0,0,0,1,0,0
1,5,2025-07-12,38248,566,1,1,0,0,2025,7,12,28,1,0,0,0,0,0,0,0,0,0,1,0,0
1,3,2025-07-10,38720,600,1,0,0,0,2025,7,10,28,0,1,0,0,0,0,0,0,0,0,1,0,0
1,2,2025-07-09,28688,489,1,0,0,0,2025,7,9,28,0,0,0,0,0,0,0,0,0,0,1,0,0
1,1,2025-07-08,27936,493,1,0,0,0,2025,7,8,28,0,0,0,0,0,0,0,0,0,0,1,0,0
1,0,2025-07-07,26392,460,1,0,0,0,2025,7,7,28,0,0,0,0,0,0,0,0,0,0,1,0,0
1,6,2025-07-06,29440,462,1,0,0,0,2025,7,6,27,0,0,0,0,0,0,0,0,0,0,1,0,0
1,5,2025-07-05,29768,480,1,0,0,0,2025,7,5,27,1,0,0,0,0,0,0,1,0,1,1,0,0
1,3,2025-07-03,42040,622,1,0,0,0,2025,7,3,27,0,1,0,0,0,0,0,1,0,1,1,0,0
1,2,2025-07-02,33288,524,1,1,0,0,2025,7,2,27,0,0,0,0,0,0,0,1,0,1,1,0,0
1,1,2025-07-01,34360,517,1,1,0,0,2025,7,1,27,0,0,0,0,0,0,0,1,0,1,1,0,0
1,0,2025-06-30,36328,545,1,1,0,0,2025,6,30,27,0,0,0,0,0,0,0,0,1,1,1,0,0
1,6,2025-06-29,39392,564,1,1,0,0,2025,6,29,26,0,0,0,0,0,0,0,0,1,1,1,0,0
1,5,2025-06-28,42768,590,1,1,0,0,2025,6,28,26,1,0,0,0,0,0,0,0,1,1,1,0,0
1,3,2025-06-26,36792,566,1,0,0,0,2025,6,26,26,0,1,0,0,0,0,0,0,1,1,1,0,0
1,2,2025-06-25,31984,494,1,1,0,1,2025,6,25,26,0,0,0,0,0,0,0,0,1,1,1,0,0
1,1,2025-06-24,29728,457,1,1,0,1,2025,6,24,26,0,0,0,0,0,0,0,0,0,0,1,0,0
1,0,2025-06-23,38368,603,1,1,0,1,2025,6,23,26,0,0,0,0,0,0,0,0,0,0,1,0,0
1,6,2025-06-22,36592,595,1,1,0,1,2025,6,22,25,0,0,0,0,0,0,0,0,0,0,1,0,0
1,5,2025-06-21,49912,712,1,1,0,1,2025,6,21,25,1,0,0,0,0,0,0,0,0,0,1,0,0
1,3,2025-06-19,40184,645,1,0,0,1,2025,6,19,25,0,1,0,0,0,0,0,0,0,0,1,0,0
1,2,2025-06-18,44072,657,1,0,0,1,2025,6,18,25,0,0,0,0,0,0,0,0,0,0,1,0,0
1,0,2025-06-16,20840,327,1,0,0,1,2025,6,16,25,0,0,0,0,0,0,0,0,0,0,1,0,0
1,6,2025-06-15,51728,703,1,0,0,1,2025,6,15,24,0,0,0,0,0,0,0,0,0,0,1,0,0
1,5,2025-06-14,51704,700,1,0,0,1,2025,6,14,24,1,0,0,0,0,0,0,0,0,0,1,0,0
1,3,2025-06-12,48456,684,1,0,0,1,2025,6,12,24,0,1,0,0,0,0,0,0,0,0,1,0,0
1,0,2025-06-09,29272,421,1,0,0,1,2025,6,9,24,0,0,0,0,0,1,0,0,0,0,1,0,0
1,6,2025-06-08,63672,957,1,0,0,1,2025,6,8,23,0,0,0,0,0,1,0,0,0,0,1,0,0
1,2,2025-06-04,60464,884,1,1,0,0,2025,6,4,23,0,0,0,0,0,0,0,1,0,1,1,0,0
1,1,2025-06-03,62280,841,1,1,0,0,2025,6,3,23,0,0,0,0,0,0,0,1,0,1,1,0,0
1,0,2025-06-02,60184,791,1,1,0,0,2025,6,2,23,0,0,0,0,0,0,0,1,0,1,1,0,0
1,6,2025-06-01,61912,823,1,1,0,0,2025,6,1,22,0,0,0,0,0,0,0,1,0,1,1,0,0
1,5,2025-05-31,64552,871,1,1,0,0,2025,5,31,22,1,0,0,0,0,0,0,0,1,1,0,0,0
1,3,2025-05-29,58104,850,1,0,0,0,2025,5,29,22,0,1,0,0,0,0,0,0,1,1,0,0,0
1,2,2025-05-28,42152,617,1,0,0,0,2025,5,28,22,0,0,0,0,0,0,0,0,1,1,0,0,0
1,1,2025-05-27,40480,587,1,0,0,0,2025,5,27,22,0,0,0,0,0,0,0,0,1,1,0,0,0
1,0,2025-05-26,39320,619,1,0,0,0,2025,5,26,22,0,0,0,0,0,0,0,0,1,1,0,0,0
1,6,2025-05-25,34760,559,1,0,0,0,2025,5,25,21,0,0,0,0,0,0,0,0,1,1,0,0,0
1,5,2025-05-24,39072,610,1,0,0,0,2025,5,24,21,1,0,0,0,0,0,0,0,0,0,0,0,0
1,3,2025-05-22,49480,746,1,0,0,0,2025,5,22,21,0,1,0,0,0,0,0,0,0,0,0,0,0
1,2,2025-05-21,49656,712,1,1,0,0,2025,5,21,21,0,0,0,0,0,0,0,0,0,0,0,0,0
1,1,2025-05-20,56128,681,1,1,0,0,2025,5,20,21,0,0,0,0,0,0,0,0,0,0,0,0,0
1,0,2025-05-19,51632,695,1,1,0,0,2025,5,19,21,0,0,0,0,0,0,0,0,0,0,0,0,0
1,6,2025-05-18,51736,717,1,1,0,0,2025,5,18,20,0,0,0,0,0,0,0,0,0,0,0,0,0
1,5,2025-05-17,59040,723,1,1,0,0,2025,5,17,20,1,0,0,0,0,0,0,0,0,0,0,0,0
1,3,2025-05-15,56528,749,1,0,0,0,2025,5,15,20,0,1,0,0,0,0,0,0,0,0,0,0,0
1,2,2025-05-14,57560,711,1,1,0,0,2025,5,14,20,0,0,0,0,0,0,0,0,0,0,0,0,0
1,1,2025-05-13,49152,668,1,1,0,0,2025,5,13,20,0,0,0,0,0,0,0,0,0,0,0,0,0
1,0,2025-05-12,42624,611,1,1,0,0,2025,5,12,20,0,0,0,0,0,0,0,0,0,0,0,0,0
1,6,2025-05-11,46520,610,1,1,0,0,2025,5,11,19,0,0,0,0,0,0,0,0,0,0,0,0,0
1,5,2025-05-10,52216,694,1,1,0,0,2025,5,10,19,1,0,0,0,0,0,0,0,0,0,0,0,0
1,3,2025-05-08,46792,678,1,0,0,0,2025,5,8,19,0,1,0,0,0,0,0,0,0,0,0,0,0
1,2,2025-05-07,36752,570,1,0,0,0,2025,5,7,19,0,0,0,0,0,0,0,0,0,0,0,0,0
1,1,2025-05-06,39704,635,1,0,0,0,2025,5,6,19,0,0,0,0,0,0,0,0,0,0,0,0,0
1,0,2025-05-05,31152,494,1,0,0,0,2025,5,5,19,0,0,0,0,0,0,0,1,0,1,0,0,0
1,6,2025-05-04,31120,529,1,0,0,0,2025,5,4,18,0,0,0,0,0,0,0,1,0,1,0,0,0
1,5,2025-05-03,28656,491,1,0,0,0,2025,5,3,18,1,0,0,0,0,0,0,1,0,1,0,0,0
1,3,2025-05-01,39736,614,1,0,0,0,2025,5,1,18,0,1,0,0,0,0,0,1,0,1,0,0,0
1,2,2025-04-30,42672,603,1,1,0,0,2025,4,30,18,0,0,0,0,0,0,0,0,1,1,0,0,0
1,1,2025-04-29,30952,471,1,1,0,0,2025,4,29,18,0,0,0,0,0,0,0,0,1,1,0,0,0
1,0,2025-04-28,37416,533,1,1,0,0,2025,4,28,18,0,0,0,0,0,0,0,0,1,1,0,0,0
1,6,2025-04-27,35832,555,1,1,0,0,2025,4,27,17,0,0,0,0,0,0,0,0,1,1,0,0,0
1,5,2025-04-26,43792,578,1,1,0,0,2025,4,26,17,1,0,0,0,0,0,0,0,1,1,0,0,0
1,3,2025-04-24,37760,546,1,0,0,0,2025,4,24,17,0,1,0,0,0,0,0,0,0,0,0,0,0
1,2,2025-04-23,41760,582,1,1,0,0,2025,4,23,17,0,0,0,0,0,0,0,0,0,0,0,0,0
1,1,2025-04-22,38280,527,1,1,0,0,2025,4,22,17,0,0,0,0,0,0,0,0,0,0,0,0,0
1,0,2025-04-21,38704,539,1,1,0,0,2025,4,21,17,0,0,0,0,0,0,0,0,0,0,0,0,0
1,6,2025-04-20,42024,586,1,1,0,0,2025,4,20,16,0,0,0,0,0,0,0,0,0,0,0,0,0
1,5,2025-04-19,46856,625,1,1,0,0,2025,4,19,16,1,0,0,0,0,0,0,0,0,0,0,0,0
1,3,2025-04-17,52256,731,1,0,0,0,2025,4,17,16,0,1,0,0,0,0,0,0,0,0,0,0,0
1,2,2025-04-16,33288,512,1,0,0,1,2025,4,16,16,0,0,0,0,0,0,0,0,0,0,0,0,0
1,1,2025-04-15,32336,492,1,0,0,1,2025,4,15,16,0,0,0,0,0,0,0,0,0,0,0,0,0
1,0,2025-04-14,30088,449,1,0,0,1,2025,4,14,16,0,0,0,0,0,0,0,0,0,0,0,0,0
1,6,2025-04-13,26912,439,1,0,0,1,2025,4,13,15,0,0,0,0,0,0,0,0,0,0,0,0,0
1,5,2025-04-12,34080,475,1,0,0,1,2025,4,12,15,1,0,0,0,0,0,0,0,0,0,0,0,0
1,3,2025-04-10,36768,539,1,0,0,1,2025,4,10,15,0,1,0,0,0,0,0,0,0,0,0,0,0
1,2,2025-04-09,33568,495,1,1,0,1,2025,4,9,15,0,0,0,0,0,0,0,0,0,0,0,0,0
1,1,2025-04-08,35728,476,1,1,0,1,2025,4,8,15,0,0,0,0,0,0,0,0,0,0,0,0,0
1,0,2025-04-07,38944,566,1,1,0,1,2025,4,7,15,0,0,0,0,0,0,0,0,0,0,0,0,0
1,6,2025-04-06,37424,547,1,1,0,1,2025,4,6,14,0,0,0,0,0,0,0,0,0,0,0,0,0
1,5,2025-04-05,37216,560,1,1,0,1,2025,4,5,14,1,0,0,0,0,0,0,1,0,1,0,0,0
1,3,2025-04-03,33352,497,1,0,0,0,2025,4,3,14,0,1,0,0,0,0,0,1,0,1,0,0,0
1,2,2025-04-02,29760,500,1,0,0,0,2025,4,2,14,0,0,0,0,1,0,0,1,0,1,0,0,0
1,1,2025-04-01,27440,436,1,0,0,0,2025,4,1,14,0,0,0,0,1,0,0,1,0,1,0,0,0
1,0,2025-03-31,30200,451,1,0,0,0,2025,3,31,14,0,0,0,0,1,0,0,0,1,1,0,0,0
1,6,2025-03-30,29448,476,1,0,0,0,2025,3,30,13,0,0,3,1,0,0,0,0,1,1,0,0,0
1,5,2025-03-29,32264,492,1,0,0,0,2025,3,29,13,1,0,3,1,0,0,0,0,1,1,0,0,0
1,3,2025-03-27,37944,557,1,0,0,0,2025,3,27,13,0,1,3,1,0,0,0,0,1,1,0,0,0
1,2,2025-03-26,35168,539,1,1,0,0,2025,3,26,13,0,0,3,1,0,0,0,0,1,1,0,0,0
1,1,2025-03-25,37232,527,1,1,0,0,2025,3,25,13,0,0,3,1,0,0,0,0,1,1,0,0,0
1,0,2025-03-24,39552,518,1,1,0,0,2025,3,24,13,0,0,2,1,0,0,0,0,0,0,0,0,0
1,6,2025-03-23,43512,556,1,1,0,0,2025,3,23,12,0,0,2,1,0,0,0,0,0,0,0,0,0
1,5,2025-03-22,43216,608,1,1,0,0,2025,3,22,12,1,0,2,1,0,0,0,0,0,0,0,0,0
1,3,2025-03-20,42840,621,1,0,0,0,2025,3,20,12,0,1,2,1,0,0,0,0,0,0,0,0,0
1,1,2025-03-18,43200,601,1,1,0,0,2025,3,18,12,0,0,2,1,0,0,0,0,0,0,0,0,0
1,0,2025-03-17,37696,554,1,1,0,0,2025,3,17,12,0,0,2,1,0,0,0,0,0,0,0,0,0
1,6,2025-03-16,39352,550,1,1,0,0,2025,3,16,11,0,0,2,1,0,0,0,0,0,0,0,0,0
1,5,2025-03-15,42240,566,1,1,0,0,2025,3,15,11,1,0,2,1,0,0,0,0,0,0,0,0,0
1,3,2025-03-13,31312,464,1,0,0,0,2025,3,13,11,0,1,2,1,0,0,0,0,0,0,0,0,0
1,2,2025-03-12,28144,442,1,0,0,0,2025,3,12,11,0,0,2,1,0,0,0,0,0,0,0,0,0
1,1,2025-03-11,19696,378,1,0,0,0,2025,3,11,11,0,0,2,1,0,0,0,0,0,0,0,0,0
1,0,2025-03-10,27240,465,1,0,0,0,2025,3,10,11,0,0,1,1,0,0,0,0,0,0,0,0,0
1,6,2025-03-09,27256,437,1,0,0,0,2025,3,9,10,0,0,1,1,0,0,0,0,0,0,0,0,0
1,5,2025-03-08,31856,466,1,0,0,0,2025,3,8,10,1,0,1,1,0,0,0,0,0,0,0,0,0
1,3,2025-03-06,31288,500,1,0,0,0,2025,3,6,10,0,1,1,1,0,0,0,0,0,0,0,0,0
1,2,2025-03-05,33024,485,1,1,0,0,2025,3,5,10,0,0,1,1,0,0,0,1,0,1,0,0,0
1,1,2025-03-04,29920,447,1,1,0,0,2025,3,4,10,0,0,1,1,0,0,0,1,0,1,0,0,0
1,0,2025-03-03,35064,490,1,1,0,0,2025,3,3,10,0,0,1,1,0,0,0,1,0,1,0,0,0
1,6,2025-03-02,35048,511,1,1,0,0,2025,3,2,9,0,0,1,1,0,0,0,1,0,1,0,0,0
1,5,2025-03-01,36888,545,1,1,0,0,2025,3,1,9,1,0,1,1,0,0,0,1,0,1,0,0,0
1,3,2025-02-27,34160,508,1,0,0,0,2025,2,27,9,0,1,0,0,0,0,0,0,1,1,0,1,0
1,2,2025-02-26,31248,501,1,0,0,0,2025,2,26,9,0,0,0,0,0,0,0,0,1,1,0,1,0
1,1,2025-02-25,27136,437,1,0,0,0,2025,2,25,9,0,0,0,0,0,0,0,0,1,1,0,1,0
1,0,2025-02-24,26200,448,1,0,0,0,2025,2,24,9,0,0,0,0,0,0,0,0,0,0,0,1,0
1,6,2025-02-23,27016,439,1,0,0,0,2025,2,23,8,0,0,0,0,0,0,0,0,0,0,0,1,0
1,5,2025-02-22,29408,530,1,0,0,0,2025,2,22,8,1,0,0,0,0,0,0,0,0,0,0,1,0
1,3,2025-02-20,31672,515,1,0,0,0,2025,2,20,8,0,1,0,0,0,0,0,0,0,0,0,1,0
1,2,2025-02-19,37648,553,1,1,0,1,2025,2,19,8,0,0,0,0,0,0,0,0,0,0,0,1,0
1,1,2025-02-18,34768,507,1,1,0,1,2025,2,18,8,0,0,0,0,0,0,0,0,0,0,0,1,0
1,0,2025-02-17,39824,539,1,1,0,1,2025,2,17,8,0,0,0,0,0,0,0,0,0,0,0,1,0
1,6,2025-02-16,40064,564,1,1,0,1,2025,2,16,7,0,0,0,0,0,0,0,0,0,0,0,1,0
1,5,2025-02-15,43712,561,1,1,0,1,2025,2,15,7,1,0,0,0,0,0,0,0,0,0,0,1,0
1,3,2025-02-13,32752,518,1,0,0,1,2025,2,13,7,0,1,0,0,0,0,0,0,0,0,0,1,0
1,2,2025-02-12,30952,439,1,0,0,1,2025,2,12,7,0,0,0,0,0,0,0,0,0,0,0,1,0
1,1,2025-02-11,31360,467,1,0,0,1,2025,2,11,7,0,0,0,0,0,0,0,0,0,0,0,1,0
1,0,2025-02-10,25184,421,1,0,0,1,2025,2,10,7,0,0,0,0,0,0,0,0,0,0,0,1,0
1,6,2025-02-09,27168,460,1,0,0,1,2025,2,9,6,0,0,0,0,0,0,0,0,0,0,0,1,0
1,5,2025-02-08,27312,449,1,0,0,1,2025,2,8,6,1,0,0,0,0,0,0,0,0,0,0,1,0
1,3,2025-02-06,28656,469,1,0,0,1,2025,2,6,6,0,1,0,0,0,0,0,0,0,0,0,1,0
1,2,2025-02-05,31768,461,1,1,0,1,2025,2,5,6,0,0,0,0,0,0,0,1,0,1,0,1,0
1,1,2025-02-04,34616,484,1,1,0,1,2025,2,4,6,0,0,0,0,0,0,0,1,0,1,0,1,0
1,0,2025-02-03,34240,467,1,1,0,1,2025,2,3,6,0,0,0,0,0,0,0,1,0,1,0,1,0
1,6,2025-02-02,41520,528,1,1,0,1,2025,2,2,5,0,0,0,0,0,0,0,1,0,1,0,1,0
1,5,2025-02-01,44984,598,1,1,0,1,2025,2,1,5,1,0,0,0,0,0,0,1,0,1,0,1,0
1,3,2025-01-30,35400,544,1,0,0,1,2025,1,30,5,0,1,0,0,0,0,0,0,1,1,0,1,0
1,2,2025-01-29,29968,479,1,0,0,1,2025,1,29,5,0,0,0,0,0,0,0,0,1,1,0,1,0
1,1,2025-01-28,31248,481,1,0,0,1,2025,1,28,5,0,0,0,0,0,0,0,0,1,1,0,1,0
1,0,2025-01-27,32552,496,1,0,0,1,2025,1,27,5,0,0,0,0,0,0,0,0,1,1,0,1,0
1,6,2025-01-26,25480,421,1,0,0,1,2025,1,26,4,0,0,0,0,0,0,0,0,1,1,0,1,0
1,5,2025-01-25,31088,505,1,0,0,1,2025,1,25,4,1,0,0,0,0,0,0,0,1,1,0,1,0
1,3,2025-01-23,33392,504,1,0,0,1,2025,1,23,4,0,1,0,0,0,0,0,0,0,0,0,1,0
1,2,2025-01-22,35608,503,1,1,0,1,2025,1,22,4,0,0,0,0,0,0,0,0,0,0,0,1,0
1,1,2025-01-21,33232,480,1,1,0,1,2025,1,21,4,0,0,0,0,0,0,0,0,0,0,0,1,0
1,0,2025-01-20,42696,575,1,1,0,1,2025,1,20,4,0,0,0,0,0,0,0,0,0,0,0,1,0
1,6,2025-01-19,43464,620,1,1,0,1,2025,1,19,3,0,0,0,0,0,0,0,0,0,0,0,1,0
1,5,2025-01-18,45240,592,1,1,0,1,2025,1,18,3,1,0,0,0,0,0,0,0,0,0,0,1,0
1,3,2025-01-16,37848,555,1,0,0,1,2025,1,16,3,0,1,0,0,0,0,0,0,0,0,0,1,0
1,2,2025-01-15,40304,572,1,1,0,1,2025,1,15,3,0,0,0,0,0,0,0,0,0,0,0,1,0
1,1,2025-01-14,40848,575,1,1,0,0,2025,1,14,3,0,0,0,0,0,0,0,0,0,0,0,1,0
1,0,2025-01-13,43896,587,1,1,0,1,2025,1,13,3,0,0,0,0,0,0,0,0,0,0,0,1,0
1,6,2025-01-12,42016,591,1,1,0,1,2025,1,12,2,0,0,0,0,0,0,0,0,0,0,0,1,0
1,5,2025-01-11,42976,584,1,1,0,1,2025,1,11,2,1,0,0,0,0,0,0,0,0,0,0,1,0
1,3,2025-01-09,34128,488,1,0,0,0,2025,1,9,2,0,1,0,0,0,0,0,0,0,0,0,1,0
1,2,2025-01-08,30864,461,1,0,0,0,2025,1,8,2,0,0,0,0,0,0,0,0,0,0,0,1,0
1,1,2025-01-07,28456,494,1,0,0,0,2025,1,7,2,0,0,0,0,0,0,1,0,0,0,0,1,0
1,0,2025-01-06,30448,476,1,0,0,0,2025,1,6,2,0,0,0,0,0,0,0,0,0,0,0,1,0
1,6,2025-01-05,31464,495,1,0,0,0,2025,1,5,1,0,0,0,0,0,0,0,1,0,1,0,1,0
1,5,2025-01-04,36056,528,1,0,0,0,2025,1,4,1,1,0,0,0,0,0,0,1,0,1,0,1,0
1,3,2025-01-02,32672,477,1,0,0,0,2025,1,2,1,0,1,0,0,0,0,0,1,0,1,0,1,0
1,2,2025-01-01,36872,506,1,1,0,0,2025,1,1,1,0,0,0,0,0,0,0,1,0,1,0,1,0
1,1,2024-12-31,37480,525,1,1,0,0,2024,12,31,1,0,0,0,0,0,0,0,0,1,1,0,1,0
1,0,2024-12-30,43392,566,1,1,0,0,2024,12,30,1,0,0,0,0,0,0,0,0,1,1,0,1,0
1,6,2024-12-29,42384,538,1,1,0,0,2024,12,29,52,0,0,0,0,0,0,0,0,1,1,0,1,0
1,5,2024-12-28,40664,532,1,1,0,0,2024,12,28,52,1,0,0,0,0,0,0,0,1,1,0,1,0
1,3,2024-12-26,35272,531,1,0,0,0,2024,12,26,52,0,1,0,0,0,0,0,0,1,1,0,1,0
1,2,2024-12-25,32160,463,1,0,0,0,2024,12,25,52,0,0,0,0,0,0,0,0,1,1,0,1,0
1,1,2024-12-24,29928,472,1,0,0,0,2024,12,24,52,0,0,0,0,0,0,0,0,0,0,0,1,0
1,0,2024-12-23,28376,485,1,0,0,0,2024,12,23,52,0,0,0,0,0,0,0,0,0,0,0,1,0
1,6,2024-12-22,32648,510,1,0,0,0,2024,12,22,51,0,0,0,0,0,0,0,0,0,0,0,1,0
1,5,2024-12-21,33784,505,1,0,0,0,2024,12,21,51,1,0,0,0,0,0,0,0,0,0,0,1,0
1,3,2024-12-19,41408,589,1,0,0,0,2024,12,19,51,0,1,0,0,0,0,0,0,0,0,0,1,0
1,2,2024-12-18,32200,450,1,1,0,0,2024,12,18,51,0,0,0,0,0,0,0,0,0,0,0,1,0
1,1,2024-12-17,38048,514,1,1,0,0,2024,12,17,51,0,0,0,0,0,0,0,0,0,0,0,1,0
1,0,2024-12-16,41288,560,1,1,0,0,2024,12,16,51,0,0,0,0,0,0,0,0,0,0,0,1,0
1,6,2024-12-15,41104,533,1,1,0,0,2024,12,15,50,0,0,0,0,0,0,0,0,0,0,0,1,0
1,5,2024-12-14,45904,641,1,1,0,0,2024,12,14,50,1,0,0,0,0,0,0,0,0,0,0,1,0
1,3,2024-12-12,41296,566,1,0,0,0,2024,12,12,50,0,1,0,0,0,0,0,0,0,0,0,1,0
1,2,2024-12-11,32152,501,1,0,0,0,2024,12,11,50,0,0,0,0,0,0,0,0,0,0,0,1,0
1,1,2024-12-10,21992,368,1,0,0,0,2024,12,10,50,0,0,0,0,0,0,0,0,0,0,0,1,0
1,0,2024-12-09,29816,440,1,0,0,0,2024,12,9,50,0,0,0,0,0,0,0,0,0,0,0,1,0
1,6,2024-12-08,26808,444,1,0,0,0,2024,12,8,49,0,0,0,0,0,0,0,0,0,0,0,1,0
1,5,2024-12-07,30040,456,1,0,0,0,2024,12,7,49,1,0,0,0,0,0,0,0,0,0,0,1,0
1,3,2024-12-05,31856,496,1,0,0,0,2024,12,5,49,0,1,0,0,0,0,0,1,0,1,0,1,0
1,2,2024-12-04,50896,709,1,1,0,0,2024,12,4,49,0,0,0,0,0,0,0,1,0,1,0,1,0
1,0,2024-12-02,42048,567,1,1,0,0,2024,12,2,49,0,0,0,0,0,0,0,1,0,1,0,1,0
1,6,2024-12-01,46160,594,1,1,0,0,2024,12,1,48,0,0,0,0,0,0,0,1,0,1,0,1,0
1,5,2024-11-30,38304,529,1,1,0,0,2024,11,30,48,1,0,0,0,0,0,0,0,1,1,0,0,0
1,3,2024-11-28,38056,562,1,0,0,0,2024,11,28,48,0,1,0,0,0,0,0,0,1,1,0,0,0
1,2,2024-11-27,31208,498,1,0,0,0,2024,11,27,48,0,0,0,0,0,0,0,0,1,1,0,0,0
1,1,2024-11-26,29616,489,1,0,0,0,2024,11,26,48,0,0,0,0,0,0,0,0,1,1,0,0,0
1,0,2024-11-25,33656,535,1,0,0,0,2024,11,25,48,0,0,0,0,0,0,0,0,1,1,0,0,0
1,6,2024-11-24,36856,560,1,0,0,0,2024,11,24,47,0,0,0,0,0,0,0,0,0,0,0,0,0
1,3,2024-11-21,39384,555,1,0,0,0,2024,11,21,47,0,1,0,0,0,0,0,0,0,0,0,0,0
1,2,2024-11-20,39656,575,1,1,0,0,2024,11,20,47,0,0,0,0,0,0,0,0,0,0,0,0,0
1,1,2024-11-19,42224,585,1,1,0,0,2024,11,19,47,0,0,0,0,0,0,0,0,0,0,0,0,0
1,0,2024-11-18,41832,570,1,1,0,0,2024,11,18,47,0,0,0,0,0,0,0,0,0,0,0,0,0
1,6,2024-11-17,44912,593,1,1,0,0,2024,11,17,46,0,0,0,0,0,0,0,0,0,0,0,0,0
1,5,2024-11-16,48568,609,1,1,0,0,2024,11,16,46,1,0,0,0,0,0,0,0,0,0,0,0,0
1,3,2024-11-14,39880,560,1,0,0,0,2024,11,14,46,0,1,0,0,0,0,0,0,0,0,0,0,0
1,2,2024-11-13,43256,628,1,0,0,0,2024,11,13,46,0,0,0,0,0,0,0,0,0,0,0,0,0
1,0,2024-11-11,36928,581,1,0,0,0,2024,11,11,46,0,0,0,0,0,0,0,0,0,0,0,0,0
1,6,2024-11-10,31768,511,1,0,0,0,2024,11,10,45,0,0,0,0,0,0,0,0,0,0,0,0,0
1,5,2024-11-09,31296,494,1,0,0,0,2024,11,9,45,1,0,0,0,0,0,0,0,0,0,0,0,0
1,3,2024-11-07,36592,516,1,0,0,0,2024,11,7,45,0,1,0,0,0,0,0,0,0,0,0,0,0
1,2,2024-11-06,39744,526,1,1,0,0,2024,11,6,45,0,0,0,0,0,0,0,0,0,0,0,0,0
1,1,2024-11-05,30408,481,1,1,0,0,2024,11,5,45,0,0,0,0,0,0,0,1,0,1,0,0,0
1,0,2024-11-04,34384,510,1,1,0,0,2024,11,4,45,0,0,0,0,0,0,0,1,0,1,0,0,0
1,6,2024-11-03,39272,549,1,1,0,0,2024,11,3,44,0,0,0,0,0,0,0,1,0,1,0,0,0
1,5,2024-11-02,45096,608,1,1,0,0,2024,11,2,44,1,0,0,0,0,0,0,1,0,1,0,0,0
1,3,2024-10-31,30280,512,1,0,0,0,2024,10,31,44,0,1,0,0,0,0,0,0,1,1,0,0,0
1,2,2024-10-30,30904,479,1,0,0,0,2024,10,30,44,0,0,0,0,0,0,0,0,1,1,0,0,0
1,1,2024-10-29,28712,491,1,0,0,0,2024,10,29,44,0,0,0,0,0,0,0,0,1,1,0,0,0
1,0,2024-10-28,29680,474,1,0,0,0,2024,10,28,44,0,0,0,0,0,0,0,0,1,1,0,0,0
1,6,2024-10-27,28280,449,1,0,0,0,2024,10,27,43,0,0,0,0,0,0,0,0,1,1,0,0,0
1,5,2024-10-26,31656,555,1,0,0,0,2024,10,26,43,1,0,0,0,0,0,0,0,1,1,0,0,0
1,3,2024-10-24,47968,710,1,0,0,0,2024,10,24,43,0,1,0,0,0,0,0,0,0,0,0,0,0
1,2,2024-10-23,41896,622,1,1,0,0,2024,10,23,43,0,0,0,0,0,0,0,0,0,0,0,0,0
1,1,2024-10-22,41776,614,1,1,0,0,2024,10,22,43,0,0,0,0,0,0,0,0,0,0,0,0,0
1,0,2024-10-21,40600,604,1,1,0,0,2024,10,21,43,0,0,0,0,0,0,0,0,0,0,0,0,0
1,6,2024-10-20,40440,585,1,1,0,0,2024,10,20,42,0,0,0,0,0,0,0,0,0,0,0,0,0
1,5,2024-10-19,42600,615,1,1,0,0,2024,10,19,42,1,0,0,0,0,0,0,0,0,0,0,0,0
1,3,2024-10-17,43984,633,1,0,0,0,2024,10,17,42,0,1,0,0,0,0,0,0,0,0,0,0,0
1,2,2024-10-16,54320,732,1,1,0,0,2024,10,16,42,0,0,0,0,0,0,0,0,0,0,0,0,0
1,0,2024-10-14,46960,624,1,1,0,0,2024,10,14,42,0,0,0,0,0,0,0,0,0,0,0,0,0
1,6,2024-10-13,47384,628,1,1,0,0,2024,10,13,41,0,0,0,0,0,0,0,0,0,0,0,0,0
1,5,2024-10-12,43904,607,1,1,0,0,2024,10,12,41,1,0,0,0,0,0,0,0,0,0,0,0,0
1,3,2024-10-10,31912,535,1,0,0,0,2024,10,10,41,0,1,0,0,0,0,0,0,0,0,0,0,0
1,2,2024-10-09,29680,468,1,0,0,1,2024,10,9,41,0,0,0,0,0,0,0,0,0,0,0,0,0
1,1,2024-10-08,27008,461,1,0,0,1,2024,10,8,41,0,0,0,0,0,0,0,0,0,0,0,0,0
1,0,2024-10-07,27856,434,1,0,0,1,2024,10,7,41,0,0,0,0,0,0,0,0,0,0,0,0,0
1,6,2024-10-06,33064,563,1,0,0,1,2024,10,6,40,0,0,0,0,0,0,0,0,0,0,0,0,0
1,3,2024-10-03,46968,642,1,0,0,1,2024,10,3,40,0,1,0,0,0,0,0,1,0,1,0,0,0
1,1,2024-10-01,49280,703,1,1,0,1,2024,10,1,40,0,0,0,0,0,0,0,1,0,1,0,0,0
1,0,2024-09-30,51048,662,1,1,0,1,2024,9,30,40,0,0,0,0,0,0,0,0,1,1,0,0,0
1,6,2024-09-29,49568,672,1,1,0,1,2024,9,29,39,0,0,0,0,0,0,0,0,1,1,0,0,0
1,5,2024-09-28,54424,693,1,1,0,1,2024,9,28,39,1,0,0,0,0,0,0,0,1,1,0,0,0
1,3,2024-09-26,35480,570,1,0,0,0,2024,9,26,39,0,1,0,0,0,0,0,0,1,1,0,0,0
1,2,2024-09-25,29864,507,1,0,0,0,2024,9,25,39,0,0,0,0,0,0,0,0,1,1,0,0,0
1,1,2024-09-24,31584,501,1,0,0,0,2024,9,24,39,0,0,0,0,0,0,0,0,0,0,0,0,0
1,0,2024-09-23,31352,528,1,0,0,0,2024,9,23,39,0,0,0,0,0,0,0,0,0,0,0,0,0
1,6,2024-09-22,31920,496,1,0,0,0,2024,9,22,38,0,0,0,0,0,0,0,0,0,0,0,0,0
1,5,2024-09-21,30008,497,1,0,0,0,2024,9,21,38,1,0,0,0,0,0,0,0,0,0,0,0,0
1,3,2024-09-19,36792,571,1,0,0,0,2024,9,19,38,0,1,0,0,0,0,0,0,0,0,0,0,0
1,2,2024-09-18,37904,552,1,1,0,0,2024,9,18,38,0,0,0,0,0,0,0,0,0,0,0,0,0
1,1,2024-09-17,36448,526,1,1,0,0,2024,9,17,38,0,0,0,0,0,0,0,0,0,0,0,0,0
1,0,2024-09-16,38672,539,1,1,0,0,2024,9,16,38,0,0,0,0,0,0,0,0,0,0,0,0,0
1,6,2024-09-15,43256,583,1,1,0,0,2024,9,15,37,0,0,0,0,0,0,0,0,0,0,0,0,0
1,5,2024-09-14,48064,640,1,1,0,0,2024,9,14,37,1,0,0,0,0,0,0,0,0,0,0,0,0
1,3,2024-09-12,36664,548,1,0,0,0,2024,9,12,37,0,1,0,0,0,0,0,0,0,0,0,0,0
1,2,2024-09-11,31896,471,1,0,0,0,2024,9,11,37,0,0,0,0,0,0,0,0,0,0,0,0,0
1,1,2024-09-10,30776,512,1,0,0,0,2024,9,10,37,0,0,0,0,0,0,0,0,0,0,0,0,0
1,0,2024-09-09,25800,443,1,0,0,0,2024,9,9,37,0,0,0,0,0,0,0,0,0,0,0,0,0
1,6,2024-09-08,25088,448,1,0,0,0,2024,9,8,36,0,0,0,0,0,0,0,0,0,0,0,0,0
1,5,2024-09-07,30800,511,1,0,0,0,2024,9,7,36,1,0,0,0,0,0,0,0,0,0,0,0,0
1,3,2024-09-05,41928,628,1,0,0,0,2024,9,5,36,0,1,0,0,0,0,0,1,0,1,0,0,0
1,2,2024-09-04,36080,542,1,1,0,0,2024,9,4,36,0,0,0,0,0,0,0,1,0,1,0,0,0
1,1,2024-09-03,32184,485,1,1,0,0,2024,9,3,36,0,0,0,0,0,0,0,1,0,1,0,0,0
1,0,2024-09-02,32288,496,1,1,0,0,2024,9,2,36,0,0,0,0,0,0,0,1,0,1,0,0,0
1,6,2024-09-01,41600,635,1,1,0,0,2024,9,1,35,0,0,0,0,0,0,0,1,0,1,0,0,0
1,5,2024-08-31,44504,628,1,1,0,0,2024,8,31,35,1,0,0,0,0,0,0,0,1,1,1,0,0
1,3,2024-08-29,40336,630,1,0,0,0,2024,8,29,35,0,1,0,0,0,0,0,0,1,1,1,0,0
1,2,2024-08-28,31064,502,1,0,0,0,2024,8,28,35,0,0,0,0,0,0,0,0,1,1,1,0,0
1,1,2024-08-27,25792,450,1,0,0,0,2024,8,27,35,0,0,0,0,0,0,0,0,1,1,1,0,0
1,0,2024-08-26,30440,499,1,0,0,0,2024,8,26,35,0,0,0,0,0,0,0,0,1,1,1,0,0
1,6,2024-08-25,28704,476,1,0,0,0,2024,8,25,34,0,0,0,0,0,0,0,0,1,1,1,0,0
1,5,2024-08-24,28584,469,1,0,0,0,2024,8,24,34,1,0,0,0,0,0,0,0,0,0,1,0,0
1,3,2024-08-22,35200,550,1,0,0,0,2024,8,22,34,0,1,0,0,0,0,0,0,0,0,1,0,0
1,2,2024-08-21,42720,588,1,1,0,0,2024,8,21,34,0,0,0,0,0,0,0,0,0,0,1,0,0
1,1,2024-08-20,36680,542,1,1,0,0,2024,8,20,34,0,0,0,0,0,0,0,0,0,0,1,0,0
1,0,2024-08-19,39328,592,1,1,0,0,2024,8,19,34,0,0,0,0,0,0,0,0,0,0,1,0,0
1,6,2024-08-18,43176,619,1,1,0,0,2024,8,18,33,0,0,0,0,0,0,0,0,0,0,1,0,0
1,5,2024-08-17,49584,616,1,1,0,0,2024,8,17,33,1,0,0,0,0,0,0,0,0,0,1,0,0
1,3,2024-08-15,42456,655,1,0,0,0,2024,8,15,33,0,1,0,0,0,0,0,0,0,0,1,0,0
1,2,2024-08-14,40248,603,1,0,0,0,2024,8,14,33,0,0,0,0,0,0,0,0,0,0,1,0,0
1,1,2024-08-13,30608,519,1,0,0,0,2024,8,13,33,0,0,0,0,0,0,0,0,0,0,1,0,0
1,0,2024-08-12,32864,491,1,0,0,0,2024,8,12,33,0,0,0,0,0,0,0,0,0,0,1,0,0
1,6,2024-08-11,27992,470,1,0,0,0,2024,8,11,32,0,0,0,0,0,0,0,0,0,0,1,0,0
1,5,2024-08-10,30608,481,1,0,0,0,2024,8,10,32,1,0,0,0,0,0,0,0,0,0,1,0,0
1,3,2024-08-08,38560,623,1,0,0,0,2024,8,8,32,0,1,0,0,0,0,0,0,0,0,1,0,0
1,2,2024-08-07,37816,550,1,1,0,0,2024,8,7,32,0,0,0,0,0,0,0,0,0,0,1,0,0
1,1,2024-08-06,36504,559,1,1,0,0,2024,8,6,32,0,0,0,0,0,0,0,0,0,0,1,0,0
1,0,2024-08-05,39480,547,1,1,0,0,2024,8,5,32,0,0,0,0,0,0,0,1,0,1,1,0,0
1,6,2024-08-04,36816,556,1,1,0,0,2024,8,4,31,0,0,0,0,0,0,0,1,0,1,1,0,0
1,5,2024-08-03,43144,606,1,1,0,0,2024,8,3,31,1,0,0,0,0,0,0,1,0,1,1,0,0
1,3,2024-08-01,42064,655,1,0,0,0,2024,8,1,31,0,1,0,0,0,0,0,1,0,1,1,0,0
1,2,2024-07-31,37176,591,1,0,0,0,2024,7,31,31,0,0,0,0,0,0,0,0,1,1,1,0,0
1,1,2024-07-30,29104,517,1,0,0,0,2024,7,30,31,0,0,0,0,0,0,0,0,1,1,1,0,0
1,0,2024-07-29,29296,508,1,0,0,0,2024,7,29,31,0,0,0,0,0,0,0,0,1,1,1,0,0
1,6,2024-07-28,27688,481,1,0,0,0,2024,7,28,30,0,0,0,0,0,0,0,0,1,1,1,0,0
1,5,2024-07-27,28728,502,1,0,0,0,2024,7,27,30,1,0,0,0,0,0,0,0,1,1,1,0,0
1,3,2024-07-25,37808,620,1,0,0,0,2024,7,25,30,0,1,0,0,0,0,0,0,1,1,1,0,0
1,2,2024-07-24,44768,636,1,1,0,0,2024,7,24,30,0,0,0,0,0,0,0,0,0,0,1,0,0
1,1,2024-07-23,38584,557,1,1,0,0,2024,7,23,30,0,0,0,0,0,0,0,0,0,0,1,0,0
1,0,2024-07-22,40248,581,1,1,0,0,2024,7,22,30,0,0,0,0,0,0,0,0,0,0,1,0,0
1,6,2024-07-21,44320,602,1,1,0,0,2024,7,21,29,0,0,0,0,0,0,0,0,0,0,1,0,0
1,5,2024-07-20,46712,638,1,1,0,0,2024,7,20,29,1,0,0,0,0,0,0,0,0,0,1,0,0
1,3,2024-07-18,42336,667,1,0,0,0,2024,7,18,29,0,1,0,0,0,0,0,0,0,0,1,0,0
1,2,2024-07-17,39248,589,1,0,0,0,2024,7,17,29,0,0,0,0,0,0,0,0,0,0,1,0,0
1,1,2024-07-16,36392,543,1,0,0,0,2024,7,16,29,0,0,0,0,0,0,0,0,0,0,1,0,0
1,0,2024-07-15,30312,491,1,0,0,0,2024,7,15,29,0,0,0,0,0,0,0,0,0,0,1,0,0
1,6,2024-07-14,28648,453,1,0,0,0,2024,7,14,28,0,0,0,0,0,0,0,0,0,0,1,0,0
1,5,2024-07-13,28808,517,1,0,0,0,2024,7,13,28,1,0,0,0,0,0,0,0,0,0,1,0,0
1,3,2024-07-11,36368,561,1,0,0,0,2024,7,11,28,0,1,0,0,0,0,0,0,0,0,1,0,0
1,2,2024-07-10,40784,587,1,1,0,0,2024,7,10,28,0,0,0,0,0,0,0,0,0,0,1,0,0
1,1,2024-07-09,36776,525,1,1,0,0,2024,7,9,28,0,0,0,0,0,0,0,0,0,0,1,0,0
1,0,2024-07-08,36496,549,1,1,0,0,2024,7,8,28,0,0,0,0,0,0,0,0,0,0,1,0,0
1,6,2024-07-07,41208,551,1,1,0,0,2024,7,7,27,0,0,0,0,0,0,0,0,0,0,1,0,0
1,5,2024-07-06,49184,653,1,1,0,0,2024,7,6,27,1,0,0,0,0,0,0,0,0,0,1,0,0
1,3,2024-07-04,41024,630,1,0,0,0,2024,7,4,27,0,1,0,0,0,0,0,1,0,1,1,0,0
1,2,2024-07-03,30424,479,1,0,0,0,2024,7,3,27,0,0,0,0,0,0,0,1,0,1,1,0,0
1,1,2024-07-02,29056,477,1,0,0,0,2024,7,2,27,0,0,0,0,0,0,0,1,0,1,1,0,0
1,0,2024-07-01,30208,486,1,0,0,0,2024,7,1,27,0,0,0,0,0,0,0,1,0,1,1,0,0
1,6,2024-06-30,28968,464,1,0,0,0,2024,6,30,26,0,0,0,0,0,0,0,0,1,1,1,0,0
1,5,2024-06-29,31952,545,1,0,0,0,2024,6,29,26,1,0,0,0,0,0,0,0,1,1,1,0,0
1,3,2024-06-27,35632,569,1,0,0,0,2024,6,27,26,0,1,0,0,0,0,0,0,1,1,1,0,0
1,2,2024-06-26,35888,559,1,1,0,1,2024,6,26,26,0,0,0,0,0,0,0,0,1,1,1,0,0
1,1,2024-06-25,35168,539,1,1,0,1,2024,6,25,26,0,0,0,0,0,0,0,0,1,1,1,0,0
1,0,2024-06-24,39448,589,1,1,0,1,2024,6,24,26,0,0,0,0,0,0,0,0,0,0,1,0,0
1,6,2024-06-23,44312,607,1,1,0,1,2024,6,23,25,0,0,0,0,0,0,0,0,0,0,1,0,0
1,5,2024-06-22,49552,649,1,1,0,1,2024,6,22,25,1,0,0,0,0,0,0,0,0,0,1,0,0
1,3,2024-06-20,41384,660,1,0,0,1,2024,6,20,25,0,1,0,0,0,0,0,0,0,0,1,0,0
1,2,2024-06-19,33520,552,1,0,0,1,2024,6,19,25,0,0,0,0,0,0,0,0,0,0,1,0,0
1,1,2024-06-18,39752,618,1,0,0,1,2024,6,18,25,0,0,0,0,0,1,0,0,0,0,1,0,0
1,6,2024-06-16,18896,298,1,0,0,1,2024,6,16,24,0,0,0,0,0,1,0,0,0,0,1,0,0
1,5,2024-06-15,57544,796,1,0,0,1,2024,6,15,24,1,0,0,0,0,1,0,0,0,0,1,0,0
1,3,2024-06-13,45272,716,1,0,0,1,2024,6,13,24,0,1,0,0,0,0,0,0,0,0,1,0,0
1,2,2024-06-12,48880,737,1,0,0,1,2024,6,12,24,0,0,0,0,0,0,0,0,0,0,1,0,0
1,6,2024-06-09,25632,385,1,0,0,1,2024,6,9,23,0,0,0,0,0,0,0,0,0,0,1,0,0
1,3,2024-06-06,64344,927,1,0,0,0,2024,6,6,23,0,1,0,0,0,0,0,0,0,0,1,0,0
1,1,2024-06-04,54304,782,1,1,0,0,2024,6,4,23,0,0,0,0,0,0,0,1,0,1,1,0,0
1,0,2024-06-03,62568,828,1,1,0,0,2024,6,3,23,0,0,0,0,0,0,0,1,0,1,1,0,0
1,6,2024-06-02,58848,808,1,1,0,0,2024,6,2,22,0,0,0,0,0,0,0,1,0,1,1,0,0
1,5,2024-06-01,66216,825,1,1,0,0,2024,6,1,22,1,0,0,0,0,0,0,1,0,1,1,0,0
1,3,2024-05-30,48952,743,1,0,0,0,2024,5,30,22,0,1,0,0,0,0,0,0,1,1,0,0,0
1,2,2024-05-29,37624,594,1,0,0,0,2024,5,29,22,0,0,0,0,0,0,0,0,1,1,0,0,0
1,1,2024-05-28,32592,558,1,0,0,0,2024,5,28,22,0,0,0,0,0,0,0,0,1,1,0,0,0
1,0,2024-05-27,34408,543,1,0,0,0,2024,5,27,22,0,0,0,0,0,0,0,0,1,1,0,0,0
1,6,2024-05-26,33824,581,1,0,0,0,2024,5,26,21,0,0,0,0,0,0,0,0,1,1,0,0,0
1,5,2024-05-25,35696,576,1,0,0,0,2024,5,25,21,1,0,0,0,0,0,0,0,1,1,0,0,0
1,3,2024-05-23,46392,723,1,0,0,0,2024,5,23,21,0,1,0,0,0,0,0,0,0,0,0,0,0
1,2,2024-05-22,48896,673,1,1,0,0,2024,5,22,21,0,0,0,0,0,0,0,0,0,0,0,0,0
1,1,2024-05-21,45528,685,1,1,0,0,2024,5,21,21,0,0,0,0,0,0,0,0,0,0,0,0,0
1,0,2024-05-20,45504,627,1,1,0,0,2024,5,20,21,0,0,0,0,0,0,0,0,0,0,0,0,0
1,6,2024-05-19,50344,658,1,1,0,0,2024,5,19,20,0,0,0,0,0,0,0,0,0,0,0,0,0
1,5,2024-05-18,55544,754,1,1,0,0,2024,5,18,20,1,0,0,0,0,0,0,0,0,0,0,0,0
1,3,2024-05-16,50984,730,1,0,0,0,2024,5,16,20,0,1,0,0,0,0,0,0,0,0,0,0,0
1,2,2024-05-15,44984,665,1,0,0,0,2024,5,15,20,0,0,0,0,0,0,0,0,0,0,0,0,0
1,1,2024-05-14,36912,585,1,0,0,0,2024,5,14,20,0,0,0,0,0,0,0,0,0,0,0,0,0
1,0,2024-05-13,36488,530,1,0,0,0,2024,5,13,20,0,0,0,0,0,0,0,0,0,0,0,0,0
1,6,2024-05-12,33608,524,1,0,0,0,2024,5,12,19,0,0,0,0,0,0,0,0,0,0,0,0,0
1,5,2024-05-11,36800,575,1,0,0,0,2024,5,11,19,1,0,0,0,0,0,0,0,0,0,0,0,0
1,3,2024-05-09,42376,614,1,0,0,0,2024,5,9,19,0,1,0,0,0,0,0,0,0,0,0,0,0
1,2,2024-05-08,40464,581,1,1,0,0,2024,5,8,19,0,0,0,0,0,0,0,0,0,0,0,0,0
1,1,2024-05-07,36984,545,1,1,0,0,2024,5,7,19,0,0,0,0,0,0,0,0,0,0,0,0,0
1,0,2024-05-06,39488,586,1,1,0,0,2024,5,6,19,0,0,0,0,0,0,0,0,0,0,0,0,0
1,6,2024-05-05,41144,583,1,1,0,0,2024,5,5,18,0,0,0,0,0,0,0,1,0,1,0,0,0
1,5,2024-05-04,47416,681,1,1,0,0,2024,5,4,18,1,0,0,0,0,0,0,1,0,1,0,0,0
1,3,2024-05-02,40568,616,1,0,0,0,2024,5,2,18,0,1,0,0,0,0,0,1,0,1,0,0,0
1,2,2024-05-01,32128,504,1,0,0,0,2024,5,1,18,0,0,0,0,0,0,0,1,0,1,0,0,0
1,1,2024-04-30,30360,502,1,0,0,0,2024,4,30,18,0,0,0,0,0,0,0,0,1,1,0,0,0
1,0,2024-04-29,26480,464,1,0,0,0,2024,4,29,18,0,0,0,0,0,0,0,0,1,1,0,0,0
1,6,2024-04-28,32136,507,1,0,0,0,2024,4,28,17,0,0,0,0,0,0,0,0,1,1,0,0,0
1,5,2024-04-27,32112,519,1,0,0,0,2024,4,27,17,1,0,0,0,0,0,0,0,1,1,0,0,0
1,3,2024-04-25,37448,582,1,0,0,0,2024,4,25,17,0,1,0,0,0,0,0,0,1,1,0,0,0
1,2,2024-04-24,41936,583,1,1,0,0,2024,4,24,17,0,0,0,0,0,0,0,0,0,0,0,0,0
1,1,2024-04-23,40072,575,1,1,0,0,2024,4,23,17,0,0,0,0,0,0,0,0,0,0,0,0,0
1,0,2024-04-22,44576,611,1,1,0,0,2024,4,22,17,0,0,0,0,0,0,0,0,0,0,0,0,0
1,6,2024-04-21,42784,628,1,1,0,0,2024,4,21,16,0,0,0,0,0,0,0,0,0,0,0,0,0
1,5,2024-04-20,46888,620,1,1,0,0,2024,4,20,16,1,0,0,0,0,0,0,0,0,0,0,0,0
1,3,2024-04-18,41864,653,1,0,0,0,2024,4,18,16,0,1,0,0,0,0,0,0,0,0,0,0,0
1,2,2024-04-17,43768,707,1,0,0,0,2024,4,17,16,0,0,0,0,0,0,0,0,0,0,0,0,0
1,1,2024-04-16,32280,514,1,0,0,0,2024,4,16,16,0,0,0,0,0,0,0,0,0,0,0,0,0
1,0,2024-04-15,32952,496,1,0,0,0,2024,4,15,16,0,0,0,0,0,0,0,0,0,0,0,0,0
1,6,2024-04-14,29896,479,1,0,0,0,2024,4,14,15,0,0,0,0,0,0,0,0,0,0,0,0,0
1,5,2024-04-13,28456,494,1,0,0,0,2024,4,13,15,1,0,0,0,0,0,0,0,0,0,0,0,0
1,3,2024-04-11,34776,535,1,0,0,0,2024,4,11,15,0,1,0,0,1,0,0,0,0,0,0,0,0
1,2,2024-04-10,36584,576,1,1,0,1,2024,4,10,15,0,0,0,0,1,0,0,0,0,0,0,0,0
1,1,2024-04-09,32352,498,1,1,0,1,2024,4,9,15,0,0,3,1,0,0,0,0,0,0,0,0,0
1,0,2024-04-08,36896,505,1,1,0,1,2024,4,8,15,0,0,3,1,0,0,0,0,0,0,0,0,0
1,6,2024-04-07,32544,504,1,1,0,1,2024,4,7,14,0,0,3,1,0,0,0,0,0,0,0,0,0
1,5,2024-04-06,40440,571,1,1,0,1,2024,4,6,14,1,0,3,1,0,0,0,0,0,0,0,0,0
1,3,2024-04-04,29336,479,1,0,0,1,2024,4,4,14,0,1,3,1,0,0,0,1,0,1,0,0,0
1,2,2024-04-03,28528,490,1,0,0,1,2024,4,3,14,0,0,2,1,0,0,0,1,0,1,0,0,0
1,1,2024-04-02,25784,446,1,0,0,1,2024,4,2,14,0,0,2,1,0,0,0,1,0,1,0,0,0
1,0,2024-04-01,27064,452,1,0,0,1,2024,4,1,14,0,0,2,1,0,0,0,1,0,1,0,0,0
1,6,2024-03-31,26840,457,1,0,0,1,2024,3,31,13,0,0,2,1,0,0,0,0,1,1,0,0,0
1,5,2024-03-30,30184,478,1,0,0,1,2024,3,30,13,1,0,2,1,0,0,0,0,1,1,0,0,0
1,3,2024-03-28,39632,608,1,0,0,0,2024,3,28,13,0,1,2,1,0,0,0,0,1,1,0,0,0
1,2,2024-03-27,47168,670,1,1,0,0,2024,3,27,13,0,0,2,1,0,0,0,0,1,1,0,0,0
1,1,2024-03-26,42288,596,1,1,0,0,2024,3,26,13,0,0,2,1,0,0,0,0,1,1,0,0,0
1,0,2024-03-25,39656,596,1,1,0,0,2024,3,25,13,0,0,2,1,0,0,0,0,1,1,0,0,0
1,6,2024-03-24,43616,592,1,1,0,0,2024,3,24,12,0,0,2,1,0,0,0,0,0,0,0,0,0
1,5,2024-03-23,48032,626,1,1,0,0,2024,3,23,12,1,0,2,1,0,0,0,0,0,0,0,0,0
1,3,2024-03-21,42816,662,1,0,0,0,2024,3,21,12,0,1,2,1,0,0,0,0,0,0,0,0,0
1,2,2024-03-20,43576,619,1,0,0,0,2024,3,20,12,0,0,1,1,0,0,0,0,0,0,0,0,0
1,0,2024-03-18,32008,509,1,0,0,0,2024,3,18,12,0,0,1,1,0,0,0,0,0,0,0,0,0
1,6,2024-03-17,33424,508,1,0,0,0,2024,3,17,11,0,0,1,1,0,0,0,0,0,0,0,0,0
1,5,2024-03-16,32704,516,1,0,0,0,2024,3,16,11,1,0,1,1,0,0,0,0,0,0,0,0,0
1,3,2024-03-14,33400,538,1,0,0,0,2024,3,14,11,0,1,1,1,0,0,0,0,0,0,0,0,0
1,2,2024-03-13,37352,548,1,1,0,0,2024,3,13,11,0,0,1,1,0,0,0,0,0,0,0,0,0
1,1,2024-03-12,35848,537,1,1,0,0,2024,3,12,11,0,0,1,1,0,0,0,0,0,0,0,0,0
1,0,2024-03-11,33696,500,1,1,0,0,2024,3,11,11,0,0,1,1,0,0,0,0,0,0,0,0,0
1,6,2024-03-10,34192,492,1,1,0,0,2024,3,10,10,0,0,0,0,0,0,0,0,0,0,0,0,0
1,5,2024-03-09,38160,542,1,1,0,0,2024,3,9,10,1,0,0,0,0,0,0,0,0,0,0,0,0
1,3,2024-03-07,31272,522,1,0,0,0,2024,3,7,10,0,1,0,0,0,0,0,0,0,0,0,0,0
1,2,2024-03-06,28128,494,1,0,0,0,2024,3,6,10,0,0,0,0,0,0,0,0,0,0,0,0,0
1,1,2024-03-05,29736,469,1,0,0,0,2024,3,5,10,0,0,0,0,0,0,0,1,0,1,0,0,0
1,0,2024-03-04,31568,507,1,0,0,0,2024,3,4,10,0,0,0,0,0,0,0,1,0,1,0,0,0
1,6,2024-03-03,29480,502,1,0,0,0,2024,3,3,9,0,0,0,0,0,0,0,1,0,1,0,0,0
1,5,2024-03-02,33992,568,1,0,0,0,2024,3,2,9,1,0,0,0,0,0,0,1,0,1,0,0,0
1,3,2024-02-29,37304,619,1,0,0,0,2024,2,29,9,0,1,0,0,0,0,0,0,1,1,0,1,0
1,2,2024-02-28,41496,559,1,1,0,0,2024,2,28,9,0,0,0,0,0,0,0,0,1,1,0,1,0
1,1,2024-02-27,40632,586,1,1,0,0,2024,2,27,9,0,0,0,0,0,0,0,0,1,1,0,1,0
1,0,2024-02-26,40824,580,1,1,0,0,2024,2,26,9,0,0,0,0,0,0,0,0,1,1,0,1,0
1,6,2024-02-25,43224,599,1,1,0,0,2024,2,25,8,0,0,0,0,0,0,0,0,1,1,0,1,0
1,5,2024-02-24,47144,601,1,1,0,0,2024,2,24,8,1,0,0,0,0,0,0,0,0,0,0,1,0
1,3,2024-02-22,37304,555,1,0,0,0,2024,2,22,8,0,1,0,0,0,0,0,0,0,0,0,1,0
1,2,2024-02-21,30688,466,1,0,0,0,2024,2,21,8,0,0,0,0,0,0,0,0,0,0,0,1,0
1,1,2024-02-20,31064,465,1,0,0,0,2024,2,20,8,0,0,0,0,0,0,0,0,0,0,0,1,0
1,0,2024-02-19,26744,444,1,0,0,0,2024,2,19,8,0,0,0,0,0,0,0,0,0,0,0,1,0
1,6,2024-02-18,31424,507,1,0,0,0,2024,2,18,7,0,0,0,0,0,0,0,0,0,0,0,1,0
1,5,2024-02-17,33560,496,1,0,0,0,2024,2,17,7,1,0,0,0,0,0,0,0,0,0,0,1,0
1,3,2024-02-15,42536,598,1,0,0,0,2024,2,15,7,0,1,0,0,0,0,0,0,0,0,0,1,0
1,2,2024-02-14,43752,612,1,1,0,0,2024,2,14,7,0,0,0,0,0,0,0,0,0,0,0,1,0
1,1,2024-02-13,38432,534,1,1,0,0,2024,2,13,7,0,0,0,0,0,0,0,0,0,0,0,1,0
1,0,2024-02-12,36664,507,1,1,0,0,2024,2,12,7,0,0,0,0,0,0,0,0,0,0,0,1,0
1,6,2024-02-11,41248,556,1,1,0,0,2024,2,11,6,0,0,0,0,0,0,0,0,0,0,0,1,0
1,5,2024-02-10,43856,613,1,1,0,0,2024,2,10,6,1,0,0,0,0,0,0,0,0,0,0,1,0
1,3,2024-02-08,38016,601,1,0,0,0,2024,2,8,6,0,1,0,0,0,0,0,0,0,0,0,1,0
1,2,2024-02-07,27944,445,1,0,0,0,2024,2,7,6,0,0,0,0,0,0,0,0,0,0,0,1,0
1,1,2024-02-06,29624,498,1,0,0,0,2024,2,6,6,0,0,0,0,0,0,0,0,0,0,0,1,0
1,0,2024-02-05,24768,441,1,0,0,0,2024,2,5,6,0,0,0,0,0,0,0,1,0,1,0,1,0
1,6,2024-02-04,27936,475,1,0,0,0,2024,2,4,5,0,0,0,0,0,0,0,1,0,1,0,1,0
1,5,2024-02-03,31632,513,1,0,0,0,2024,2,3,5,1,0,0,0,0,0,0,1,0,1,0,1,0
1,3,2024-02-01,32624,503,1,0,0,0,2024,2,1,5,0,1,0,0,0,0,0,1,0,1,0,1,0
1,2,2024-01-31,36416,527,1,1,0,1,2024,1,31,5,0,0,0,0,0,0,0,0,1,1,0,1,0
1,1,2024-01-30,36600,538,1,1,0,1,2024,1,30,5,0,0,0,0,0,0,0,0,1,1,0,1,0
1,0,2024-01-29,37792,574,1,1,0,1,2024,1,29,5,0,0,0,0,0,0,0,0,1,1,0,1,0
1,6,2024-01-28,42392,573,1,1,0,1,2024,1,28,4,0,0,0,0,0,0,0,0,1,1,0,1,0
1,5,2024-01-27,42608,600,1,1,0,1,2024,1,27,4,1,0,0,0,0,0,0,0,1,1,0,1,0
1,3,2024-01-25,30144,457,1,0,0,1,2024,1,25,4,0,1,0,0,0,0,0,0,1,1,0,1,0
1,2,2024-01-24,26056,418,1,0,0,1,2024,1,24,4,0,0,0,0,0,0,0,0,0,0,0,1,0
1,1,2024-01-23,29440,466,1,0,0,1,2024,1,23,4,0,0,0,0,0,0,0,0,0,0,0,1,0
1,0,2024-01-22,33144,512,1,0,0,1,2024,1,22,4,0,0,0,0,0,0,0,0,0,0,0,1,0
1,6,2024-01-21,28656,477,1,0,0,1,2024,1,21,3,0,0,0,0,0,0,0,0,0,0,0,1,0
1,5,2024-01-20,32688,522,1,0,0,1,2024,1,20,3,1,0,0,0,0,0,0,0,0,0,0,1,0
1,3,2024-01-18,35688,553,1,0,0,1,2024,1,18,3,0,1,0,0,0,0,0,0,0,0,0,1,0
1,2,2024-01-17,35952,562,1,1,0,1,2024,1,17,3,0,0,0,0,0,0,0,0,0,0,0,1,0
1,1,2024-01-16,39952,555,1,1,0,1,2024,1,16,3,0,0,0,0,0,0,0,0,0,0,0,1,0
1,0,2024-01-15,44576,624,1,1,0,1,2024,1,15,3,0,0,0,0,0,0,0,0,0,0,0,1,0
1,6,2024-01-14,46184,630,1,1,0,1,2024,1,14,2,0,0,0,0,0,0,0,0,0,0,0,1,0
1,5,2024-01-13,50320,630,1,1,0,1,2024,1,13,2,1,0,0,0,0,0,0,0,0,0,0,1,0
1,3,2024-01-11,26816,456,1,0,0,1,2024,1,11,2,0,1,0,0,0,0,0,0,0,0,0,1,0
1,2,2024-01-10,33768,516,1,0,0,1,2024,1,10,2,0,0,0,0,0,0,0,0,0,0,0,1,0
1,1,2024-01-09,28016,451,1,0,0,1,2024,1,9,2,0,0,0,0,0,0,0,0,0,0,0,1,0
1,0,2024-01-08,30792,453,1,0,0,1,2024,1,8,2,0,0,0,0,0,0,0,0,0,0,0,1,0
1,6,2024-01-07,31496,497,1,0,0,1,2024,1,7,1,0,0,0,0,0,0,1,0,0,0,0,1,0
1,5,2024-01-06,33192,493,1,0,0,1,2024,1,6,1,1,0,0,0,0,0,0,0,0,0,0,1,0
1,3,2024-01-04,35368,544,1,0,0,1,2024,1,4,1,0,1,0,0,0,0,0,1,0,1,0,1,0
1,2,2024-01-03,34200,495,1,1,0,1,2024,1,3,1,0,0,0,0,0,0,0,1,0,1,0,1,0
1,1,2024-01-02,39232,533,1,1,0,1,2024,1,2,1,0,0,0,0,0,0,0,1,0,1,0,1,0
1,0,2024-01-01,39568,544,1,1,0,1,2024,1,1,1,0,0,0,0,0,0,0,1,0,1,0,1,0
1,6,2023-12-31,45144,582,1,1,0,1,2023,12,31,52,0,0,0,0,0,0,0,0,1,1,0,1,0
1,5,2023-12-30,51016,657,1,1,0,1,2023,12,30,52,1,0,0,0,0,0,0,0,1,1,0,1,0
1,3,2023-12-28,32120,490,1,0,0,1,2023,12,28,52,0,1,0,0,0,0,0,0,1,1,0,1,0
1,2,2023-12-27,33072,514,1,0,0,1,2023,12,27,52,0,0,0,0,0,0,0,0,1,1,0,1,0
1,1,2023-12-26,32424,486,1,0,0,1,2023,12,26,52,0,0,0,0,0,0,0,0,1,1,0,1,0
1,0,2023-12-25,31704,496,1,0,0,1,2023,12,25,52,0,0,0,0,0,0,0,0,1,1,0,1,0
1,6,2023-12-24,32376,503,1,0,0,1,2023,12,24,51,0,0,0,0,0,0,0,0,0,0,0,1,0
1,5,2023-12-23,35800,523,1,0,0,1,2023,12,23,51,1,0,0,0,0,0,0,0,0,0,0,1,0
1,3,2023-12-21,32720,498,1,0,0,1,2023,12,21,51,0,1,0,0,0,0,0,0,0,0,0,1,0
1,2,2023-12-20,39888,603,1,1,0,0,2023,12,20,51,0,0,0,0,0,0,0,0,0,0,0,1,0
1,1,2023-12-19,45608,634,1,1,0,0,2023,12,19,51,0,0,0,0,0,0,0,0,0,0,0,1,0
1,0,2023-12-18,47000,634,1,1,0,0,2023,12,18,51,0,0,0,0,0,0,0,0,0,0,0,1,0
1,6,2023-12-17,46944,614,1,1,0,0,2023,12,17,50,0,0,0,0,0,0,0,0,0,0,0,1,0
1,5,2023-12-16,44912,614,1,1,0,0,2023,12,16,50,1,0,0,0,0,0,0,0,0,0,0,1,0
1,3,2023-12-14,46432,671,1,0,0,0,2023,12,14,50,0,1,0,0,0,0,0,0,0,0,0,1,0
1,2,2023-12-13,35256,568,1,0,0,0,2023,12,13,50,0,0,0,0,0,0,0,0,0,0,0,1,0
1,1,2023-12-12,28744,464,1,0,0,0,2023,12,12,50,0,0,0,0,0,0,0,0,0,0,0,1,0
1,0,2023-12-11,30616,508,1,0,0,0,2023,12,11,50,0,0,0,0,0,0,0,0,0,0,0,1,0
1,6,2023-12-10,36288,528,1,0,0,0,2023,12,10,49,0,0,0,0,0,0,0,0,0,0,0,1,0
1,5,2023-12-09,28392,494,1,0,0,0,2023,12,9,49,1,0,0,0,0,0,0,0,0,0,0,1,0
1,3,2023-12-07,34728,512,1,0,0,0,2023,12,7,49,0,1,0,0,0,0,0,0,0,0,0,1,0
1,2,2023-12-06,41384,542,1,1,0,0,2023,12,6,49,0,0,0,0,0,0,0,0,0,0,0,1,0
1,1,2023-12-05,40088,539,1,1,0,0,2023,12,5,49,0,0,0,0,0,0,0,1,0,1,0,1,0
1,0,2023-12-04,33440,517,1,1,0,0,2023,12,4,49,0,0,0,0,0,0,0,1,0,1,0,1,0
1,6,2023-12-03,37064,554,1,1,0,0,2023,12,3,48,0,0,0,0,0,0,0,1,0,1,0,1,0
1,5,2023-12-02,42696,585,1,1,0,0,2023,12,2,48,1,0,0,0,0,0,0,1,0,1,0,1,0
1,3,2023-11-30,38128,567,1,0,0,0,2023,11,30,48,0,1,0,0,0,0,0,0,1,1,0,0,0
1,2,2023-11-29,33200,529,1,0,0,0,2023,11,29,48,0,0,0,0,0,0,0,0,1,1,0,0,0
1,1,2023-11-28,29288,461,1,0,0,0,2023,11,28,48,0,0,0,0,0,0,0,0,1,1,0,0,0
1,0,2023-11-27,28504,476,1,0,0,0,2023,11,27,48,0,0,0,0,0,0,0,0,1,1,0,0,0
1,6,2023-11-26,30272,500,1,0,0,0,2023,11,26,47,0,0,0,0,0,0,0,0,1,1,0,0,0
1,5,2023-11-25,34328,531,1,0,0,0,2023,11,25,47,1,0,0,0,0,0,0,0,1,1,0,0,0
1,3,2023-11-23,34096,511,1,0,0,0,2023,11,23,47,0,1,0,0,0,0,0,0,0,0,0,0,0
1,2,2023-11-22,34520,541,1,1,0,0,2023,11,22,47,0,0,0,0,0,0,0,0,0,0,0,0,0
1,1,2023-11-21,39048,555,1,1,0,0,2023,11,21,47,0,0,0,0,0,0,0,0,0,0,0,0,0
1,0,2023-11-20,40096,575,1,1,0,0,2023,11,20,47,0,0,0,0,0,0,0,0,0,0,0,0,0
1,6,2023-11-19,41760,558,1,1,0,0,2023,11,19,46,0,0,0,0,0,0,0,0,0,0,0,0,0
1,5,2023-11-18,43376,619,1,1,0,0,2023,11,18,46,1,0,0,0,0,0,0,0,0,0,0,0,0
1,3,2023-11-16,45544,662,1,0,0,0,2023,11,16,46,0,1,0,0,0,0,0,0,0,0,0,0,0
1,2,2023-11-15,63144,795,1,1,0,0,2023,11,15,46,0,0,0,0,0,0,0,0,0,0,0,0,0
1,0,2023-11-13,46272,641,1,1,0,0,2023,11,13,46,0,0,0,0,0,0,0,0,0,0,0,0,0
1,6,2023-11-12,39960,555,1,1,0,0,2023,11,12,45,0,0,0,0,0,0,0,0,0,0,0,0,0
1,5,2023-11-11,44152,606,1,1,0,0,2023,11,11,45,1,0,0,0,0,0,0,0,0,0,0,0,0
1,3,2023-11-09,35264,538,1,0,0,0,2023,11,9,45,0,1,0,0,0,0,0,0,0,0,0,0,0
1,2,2023-11-08,33856,534,1,0,0,0,2023,11,8,45,0,0,0,0,0,0,0,0,0,0,0,0,0
1,1,2023-11-07,32240,536,1,0,0,0,2023,11,7,45,0,0,0,0,0,0,0,0,0,0,0,0,0
1,0,2023-11-06,28472,507,1,0,0,0,2023,11,6,45,0,0,0,0,0,0,0,0,0,0,0,0,0
1,6,2023-11-05,38312,602,1,0,0,0,2023,11,5,44,0,0,0,0,0,0,0,1,0,1,0,0,0
1,3,2023-11-02,35304,535,1,0,0,0,2023,11,2,44,0,1,0,0,0,0,0,1,0,1,0,0,0
1,2,2023-11-01,38848,597,1,1,0,0,2023,11,1,44,0,0,0,0,0,0,0,1,0,1,0,0,0
1,1,2023-10-31,35584,544,1,1,0,0,2023,10,31,44,0,0,0,0,0,0,0,0,1,1,0,0,0
1,0,2023-10-30,38320,576,1,1,0,0,2023,10,30,44,0,0,0,0,0,0,0,0,1,1,0,0,0
1,6,2023-10-29,40664,574,1,1,0,0,2023,10,29,43,0,0,0,0,0,0,0,0,1,1,0,0,0
1,5,2023-10-28,48848,660,1,1,0,0,2023,10,28,43,1,0,0,0,0,0,0,0,1,1,0,0,0
1,3,2023-10-26,40512,640,1,0,0,0,2023,10,26,43,0,1,0,0,0,0,0,0,1,1,0,0,0
1,2,2023-10-25,43272,644,1,0,0,0,2023,10,25,43,0,0,0,0,0,0,0,0,1,1,0,0,0
1,0,2023-10-23,41840,631,1,0,0,0,2023,10,23,43,0,0,0,0,0,0,0,0,0,0,0,0,0
1,6,2023-10-22,36992,540,1,0,0,0,2023,10,22,42,0,0,0,0,0,0,0,0,0,0,0,0,0
1,5,2023-10-21,36544,562,1,0,0,0,2023,10,21,42,1,0,0,0,0,0,0,0,0,0,0,0,0
1,3,2023-10-19,47296,813,1,0,0,0,2023,10,19,42,0,1,0,0,0,0,0,0,0,0,0,0,0
1,2,2023-10-18,48216,658,1,1,0,0,2023,10,18,42,0,0,0,0,0,0,0,0,0,0,0,0,0
1,1,2023-10-17,51888,677,1,1,0,0,2023,10,17,42,0,0,0,0,0,0,0,0,0,0,0,0,0
1,6,2023-10-15,47400,665,1,1,0,0,2023,10,15,41,0,0,0,0,0,0,0,0,0,0,0,0,0
1,5,2023-10-14,46568,641,1,1,0,0,2023,10,14,41,1,0,0,0,0,0,0,0,0,0,0,0,0
1,3,2023-10-12,45808,650,1,0,0,0,2023,10,12,41,0,1,0,0,0,0,0,0,0,0,0,0,0
1,2,2023-10-11,38728,572,1,1,0,0,2023,10,11,41,0,0,0,0,0,0,0,0,0,0,0,0,0
1,1,2023-10-10,31512,532,1,1,0,0,2023,10,10,41,0,0,0,0,0,0,0,0,0,0,0,0,0
1,0,2023-10-09,34472,512,1,1,0,0,2023,10,9,41,0,0,0,0,0,0,0,0,0,0,0,0,0
1,6,2023-10-08,35936,560,1,1,0,0,2023,10,8,40,0,0,0,0,0,0,0,0,0,0,0,0,0
1,5,2023-10-07,45376,623,1,1,0,0,2023,10,7,40,1,0,0,0,0,0,0,0,0,0,0,0,0
1,3,2023-10-05,34800,546,1,0,0,0,2023,10,5,40,0,1,0,0,0,0,0,1,0,1,0,0,0
1,2,2023-10-04,34424,526,1,0,0,0,2023,10,4,40,0,0,0,0,0,0,0,1,0,1,0,0,0
1,1,2023-10-03,23616,432,1,0,0,0,2023,10,3,40,0,0,0,0,0,0,0,1,0,1,0,0,0
1,0,2023-10-02,29192,500,1,0,0,0,2023,10,2,40,0,0,0,0,0,0,0,1,0,1,0,0,0
1,6,2023-10-01,26856,453,1,0,0,0,2023,10,1,39,0,0,0,0,0,0,0,1,0,1,0,0,0
1,5,2023-09-30,31528,526,1,0,0,0,2023,9,30,39,1,0,0,0,0,0,0,0,1,1,0,0,0
1,3,2023-09-28,38184,608,1,0,0,0,2023,9,28,39,0,1,0,0,0,0,0,0,1,1,0,0,0
1,2,2023-09-27,42104,614,1,1,0,0,2023,9,27,39,0,0,0,0,0,0,0,0,1,1,0,0,0
1,1,2023-09-26,34928,541,1,1,0,0,2023,9,26,39,0,0,0,0,0,0,0,0,1,1,0,0,0
1,0,2023-09-25,39224,575,1,1,0,0,2023,9,25,39,0,0,0,0,0,0,0,0,1,1,0,0,0
1,6,2023-09-24,44112,594,1,1,0,0,2023,9,24,38,0,0,0,0,0,0,0,0,0,0,0,0,0
1,5,2023-09-23,48368,695,1,1,0,0,2023,9,23,38,1,0,0,0,0,0,0,0,0,0,0,0,0
1,3,2023-09-21,40600,657,1,0,0,0,2023,9,21,38,0,1,0,0,0,0,0,0,0,0,0,0,0
1,2,2023-09-20,35120,571,1,0,0,1,2023,9,20,38,0,0,0,0,0,0,0,0,0,0,0,0,0
1,1,2023-09-19,34344,566,1,0,0,1,2023,9,19,38,0,0,0,0,0,0,0,0,0,0,0,0,0
1,0,2023-09-18,37000,594,1,0,0,1,2023,9,18,38,0,0,0,0,0,0,0,0,0,0,0,0,0
1,6,2023-09-17,43872,629,1,0,0,1,2023,9,17,37,0,0,0,0,0,0,0,0,0,0,0,0,0
1,3,2023-09-14,57056,773,1,0,0,0,2023,9,14,37,0,1,0,0,0,0,0,0,0,0,0,0,0
1,1,2023-09-12,58280,902,1,1,0,1,2023,9,12,37,0,0,0,0,0,0,0,0,0,0,0,0,0
1,0,2023-09-11,53280,779,1,1,0,1,2023,9,11,37,0,0,0,0,0,0,0,0,0,0,0,0,0
1,6,2023-09-10,53488,747,1,1,0,1,2023,9,10,36,0,0,0,0,0,0,0,0,0,0,0,0,0
1,5,2023-09-09,53832,777,1,1,0,1,2023,9,9,36,1,0,0,0,0,0,0,0,0,0,0,0,0
1,3,2023-09-07,44824,682,1,0,0,0,2023,9,7,36,0,1,0,0,0,0,0,0,0,0,0,0,0
1,2,2023-09-06,44048,694,1,1,0,0,2023,9,6,36,0,0,0,0,0,0,0,0,0,0,0,0,0
1,1,2023-09-05,41432,662,1,1,0,0,2023,9,5,36,0,0,0,0,0,0,0,1,0,1,0,0,0
1,0,2023-09-04,44784,688,1,1,0,0,2023,9,4,36,0,0,0,0,0,0,0,1,0,1,0,0,0
1,6,2023-09-03,52504,719,1,1,0,0,2023,9,3,35,0,0,0,0,0,0,0,1,0,1,0,0,0
1,5,2023-09-02,56576,778,1,1,0,0,2023,9,2,35,1,0,0,0,0,0,0,1,0,1,0,0,0
1,3,2023-08-31,40024,680,1,0,0,0,2023,8,31,35,0,1,0,0,0,0,0,0,1,1,1,0,0
1,2,2023-08-30,39400,677,1,0,0,0,2023,8,30,35,0,0,0,0,0,0,0,0,1,1,1,0,0
1,1,2023-08-29,40864,660,1,0,0,0,2023,8,29,35,0,0,0,0,0,0,0,0,1,1,1,0,0
1,0,2023-08-28,34728,622,1,0,0,0,2023,8,28,35,0,0,0,0,0,0,0,0,1,1,1,0,0
1,6,2023-08-27,30824,491,1,0,0,0,2023,8,27,34,0,0,0,0,0,0,0,0,1,1,1,0,0
1,5,2023-08-26,39592,618,1,0,0,0,2023,8,26,34,1,0,0,0,0,0,0,0,1,1,1,0,0
1,3,2023-08-24,44624,734,1,0,0,0,2023,8,24,34,0,1,0,0,0,0,0,0,0,0,1,0,0
1,2,2023-08-23,46824,694,1,1,0,0,2023,8,23,34,0,0,0,0,0,0,0,0,0,0,1,0,0
1,1,2023-08-22,45096,702,1,1,0,0,2023,8,22,34,0,0,0,0,0,0,0,0,0,0,1,0,0
1,0,2023-08-21,47784,678,1,1,0,0,2023,8,21,34,0,0,0,0,0,0,0,0,0,0,1,0,0
1,6,2023-08-20,50400,715,1,1,0,0,2023,8,20,33,0,0,0,0,0,0,0,0,0,0,1,0,0
1,5,2023-08-19,61400,840,1,1,0,0,2023,8,19,33,1,0,0,0,0,0,0,0,0,0,1,0,0
1,3,2023-08-17,42800,678,1,0,0,0,2023,8,17,33,0,1,0,0,0,0,0,0,0,0,1,0,0
1,2,2023-08-16,36888,584,1,0,0,0,2023,8,16,33,0,0,0,0,0,0,0,0,0,0,1,0,0
1,1,2023-08-15,37408,581,1,0,0,0,2023,8,15,33,0,0,0,0,0,0,0,0,0,0,1,0,0
1,0,2023-08-14,36464,579,1,0,0,0,2023,8,14,33,0,0,0,0,0,0,0,0,0,0,1,0,0
1,6,2023-08-13,30352,525,1,0,0,0,2023,8,13,32,0,0,0,0,0,0,0,0,0,0,1,0,0
1,5,2023-08-12,32304,534,1,0,0,0,2023,8,12,32,1,0,0,0,0,0,0,0,0,0,1,0,0
1,3,2023-08-10,41896,650,1,0,0,0,2023,8,10,32,0,1,0,0,0,0,0,0,0,0,1,0,0
1,2,2023-08-09,40000,599,1,1,0,0,2023,8,9,32,0,0,0,0,0,0,0,0,0,0,1,0,0
1,1,2023-08-08,42088,629,1,1,0,0,2023,8,8,32,0,0,0,0,0,0,0,0,0,0,1,0,0
1,0,2023-08-07,45280,684,1,1,0,0,2023,8,7,32,0,0,0,0,0,0,0,0,0,0,1,0,0
1,6,2023-08-06,43088,608,1,1,0,0,2023,8,6,31,0,0,0,0,0,0,0,0,0,0,1,0,0
1,5,2023-08-05,51256,710,1,1,0,0,2023,8,5,31,1,0,0,0,0,0,0,1,0,1,1,0,0
1,3,2023-08-03,49232,682,1,0,0,0,2023,8,3,31,0,1,0,0,0,0,0,1,0,1,1,0,0
1,2,2023-08-02,38472,607,1,0,0,0,2023,8,2,31,0,0,0,0,0,0,0,1,0,1,1,0,0
1,1,2023-08-01,33928,573,1,0,0,0,2023,8,1,31,0,0,0,0,0,0,0,1,0,1,1,0,0
1,0,2023-07-31,34016,604,1,0,0,0,2023,7,31,31,0,0,0,0,0,0,0,0,1,1,1,0,0
1,6,2023-07-30,32120,572,1,0,0,0,2023,7,30,30,0,0,0,0,0,0,0,0,1,1,1,0,0
1,5,2023-07-29,35272,599,1,0,0,0,2023,7,29,30,1,0,0,0,0,0,0,0,1,1,1,0,0
1,3,2023-07-27,42960,656,1,0,0,0,2023,7,27,30,0,1,0,0,0,0,0,0,1,1,1,0,0
1,2,2023-07-26,45448,630,1,1,0,0,2023,7,26,30,0,0,0,0,0,0,0,0,1,1,1,0,0
1,1,2023-07-25,43992,675,1,1,0,0,2023,7,25,30,0,0,0,0,0,0,0,0,1,1,1,0,0
1,0,2023-07-24,49120,693,1,1,0,0,2023,7,24,30,0,0,0,0,0,0,0,0,0,0,1,0,0
1,6,2023-07-23,48392,678,1,1,0,0,2023,7,23,29,0,0,0,0,0,0,0,0,0,0,1,0,0
1,5,2023-07-22,56256,762,1,1,0,0,2023,7,22,29,1,0,0,0,0,0,0,0,0,0,1,0,0
1,3,2023-07-20,47760,701,1,0,0,0,2023,7,20,29,0,1,0,0,0,0,0,0,0,0,1,0,0
1,2,2023-07-19,45064,658,1,0,0,0,2023,7,19,29,0,0,0,0,0,0,0,0,0,0,1,0,0
1,1,2023-07-18,37672,571,1,0,0,0,2023,7,18,29,0,0,0,0,0,0,0,0,0,0,1,0,0
1,0,2023-07-17,36808,560,1,0,0,0,2023,7,17,29,0,0,0,0,0,0,0,0,0,0,1,0,0
1,6,2023-07-16,29800,522,1,0,0,0,2023,7,16,28,0,0,0,0,0,0,0,0,0,0,1,0,0
1,5,2023-07-15,32440,549,1,0,0,0,2023,7,15,28,1,0,0,0,0,0,0,0,0,0,1,0,0
1,3,2023-07-13,44784,640,1,0,0,0,2023,7,13,28,0,1,0,0,0,0,0,0,0,0,1,0,0
1,2,2023-07-12,44688,676,1,1,0,0,2023,7,12,28,0,0,0,0,0,0,0,0,0,0,1,0,0
1,1,2023-07-11,41560,645,1,1,0,0,2023,7,11,28,0,0,0,0,0,0,0,0,0,0,1,0,0
1,0,2023-07-10,44624,627,1,1,0,0,2023,7,10,28,0,0,0,0,0,0,0,0,0,0,1,0,0
1,6,2023-07-09,45760,667,1,1,0,0,2023,7,9,27,0,0,0,0,0,0,0,0,0,0,1,0,0
1,5,2023-07-08,43152,607,1,1,0,0,2023,7,8,27,1,0,0,0,0,0,0,0,0,0,1,0,0
1,3,2023-07-06,41456,688,1,0,0,0,2023,7,6,27,0,1,0,0,0,0,0,0,0,0,1,0,0
1,2,2023-07-05,33016,568,1,0,0,0,2023,7,5,27,0,0,0,0,0,0,0,1,0,1,1,0,0
1,1,2023-07-04,32352,503,1,0,0,0,2023,7,4,27,0,0,0,0,0,0,0,1,0,1,1,0,0
1,0,2023-07-03,32064,530,1,0,0,0,2023,7,3,27,0,0,0,0,0,0,0,1,0,1,1,0,0
1,6,2023-07-02,31200,512,1,0,0,0,2023,7,2,26,0,0,0,0,0,0,0,1,0,1,1,0,0
1,5,2023-07-01,37736,616,1,0,0,0,2023,7,1,26,1,0,0,0,0,0,0,1,0,1,1,0,0
1,3,2023-06-29,39616,646,1,0,0,0,2023,6,29,26,0,1,0,0,0,0,0,0,1,1,1,0,0
1,2,2023-06-28,39048,592,1,1,0,1,2023,6,28,26,0,0,0,0,0,0,0,0,1,1,1,0,0
1,1,2023-06-27,39136,615,1,1,0,1,2023,6,27,26,0,0,0,0,0,0,0,0,1,1,1,0,0
1,0,2023-06-26,43768,626,1,1,0,1,2023,6,26,26,0,0,0,0,0,0,0,0,1,1,1,0,0
1,6,2023-06-25,44640,654,1,1,0,1,2023,6,25,25,0,0,0,0,0,0,0,0,1,1,1,0,0
1,5,2023-06-24,57408,785,1,1,0,1,2023,6,24,25,1,0,0,0,0,0,0,0,0,0,1,0,0
1,3,2023-06-22,39976,635,1,0,0,1,2023,6,22,25,0,1,0,0,0,0,0,0,0,0,1,0,0
1,2,2023-06-21,35888,619,1,0,0,1,2023,6,21,25,0,0,0,0,0,0,0,0,0,0,1,0,0
1,1,2023-06-20,34616,578,1,0,0,1,2023,6,20,25,0,0,0,0,0,0,0,0,0,0,1,0,0
1,0,2023-06-19,44240,668,1,0,0,1,2023,6,19,25,0,0,0,0,0,0,0,0,0,0,1,0,0
